,Class
0,17
1,0
2,17
3,11
4,10
5,15
6,4
7,17
8,13
9,12
10,1
11,6
12,13
13,15
14,4
15,11
16,11
17,10
18,12
19,19
20,12
21,12
22,16
23,16
24,10
25,15
26,6
27,11
28,10
29,8
30,11
31,4
32,4
33,15
34,17
35,7
36,15
37,0
38,4
39,7
40,4
41,13
42,12
43,1
44,2
45,5
46,3
47,6
48,12
49,4
50,2
51,15
52,2
53,12
54,14
55,14
56,7
57,7
58,14
59,9
60,11
61,10
62,14
63,17
64,11
65,6
66,5
67,10
68,19
69,16
70,8
71,8
72,4
73,9
74,6
75,8
76,17
77,4
78,16
79,19
80,7
81,16
82,5
83,7
84,4
85,2
86,12
87,9
88,0
89,2
90,4
91,14
92,4
93,11
94,8
95,15
96,14
97,11
98,0
99,6
100,11
101,12
102,2
103,5
104,3
105,14
106,7
107,8
108,3
109,7
110,5
111,9
112,18
113,2
114,4
115,11
116,5
117,4
118,16
119,3
120,10
121,12
122,3
123,7
124,19
125,4
126,3
127,9
128,4
129,10
130,4
131,3
132,15
133,17
134,1
135,2
136,13
137,13
138,1
139,10
140,19
141,7
142,11
143,8
144,5
145,15
146,5
147,5
148,17
149,9
150,10
151,2
152,5
153,11
154,6
155,8
156,9
157,14
158,7
159,7
160,19
161,12
162,10
163,8
164,1
165,15
166,18
167,12
168,2
169,8
170,7
171,19
172,2
173,8
174,16
175,9
176,9
177,10
178,11
179,12
180,1
181,17
182,5
183,6
184,6
185,13
186,13
187,4
188,10
189,10
190,1
191,7
192,18
193,9
194,16
195,1
196,14
197,9
198,16
199,13
200,13
201,11
202,6
203,18
204,14
205,4
206,13
207,15
208,7
209,7
210,14
211,1
212,2
213,0
214,8
215,18
216,14
217,12
218,4
219,15
220,4
221,15
222,15
223,3
224,5
225,12
226,16
227,16
228,16
229,1
230,5
231,10
232,1
233,4
234,18
235,13
236,12
237,19
238,17
239,17
240,5
241,1
242,14
243,10
244,10
245,7
246,3
247,17
248,12
249,13
250,2
251,1
252,17
253,12
254,1
255,3
256,9
257,7
258,15
259,12
260,4
261,4
262,12
263,17
264,8
265,6
266,12
267,2
268,14
269,9
270,6
271,6
272,0
273,5
274,17
275,11
276,5
277,0
278,12
279,1
280,13
281,4
282,18
283,13
284,19
285,17
286,10
287,11
288,17
289,6
290,15
291,13
292,9
293,8
294,8
295,0
296,12
297,9
298,15
299,5
300,7
301,10
302,16
303,12
304,10
305,18
306,9
307,7
308,7
309,0
310,14
311,9
312,18
313,15
314,12
315,6
316,5
317,8
318,2
319,16
320,4
321,11
322,19
323,12
324,17
325,5
326,14
327,17
328,8
329,4
330,6
331,7
332,16
333,15
334,14
335,14
336,11
337,17
338,13
339,15
340,7
341,14
342,16
343,12
344,3
345,9
346,5
347,1
348,11
349,13
350,14
351,0
352,18
353,1
354,14
355,16
356,16
357,8
358,19
359,2
360,13
361,9
362,3
363,12
364,14
365,0
366,17
367,3
368,16
369,11
370,15
371,3
372,1
373,6
374,16
375,16
376,13
377,11
378,7
379,4
380,7
381,1
382,19
383,14
384,3
385,2
386,10
387,14
388,6
389,15
390,4
391,3
392,9
393,16
394,13
395,5
396,4
397,8
398,12
399,14
400,3
401,2
402,1
403,18
404,14
405,8
406,9
407,12
408,18
409,18
410,1
411,6
412,15
413,9
414,14
415,11
416,14
417,9
418,18
419,11
420,12
421,16
422,1
423,11
424,7
425,16
426,12
427,10
428,1
429,2
430,14
431,18
432,11
433,10
434,6
435,16
436,18
437,3
438,5
439,16
440,9
441,7
442,10
443,3
444,5
445,0
446,1
447,11
448,3
449,11
450,2
451,15
452,10
453,11
454,9
455,10
456,3
457,12
458,3
459,19
460,9
461,8
462,2
463,13
464,13
465,14
466,2
467,13
468,12
469,5
470,13
471,6
472,3
473,0
474,3
475,13
476,17
477,15
478,1
479,2
480,2
481,13
482,9
483,4
484,9
485,1
486,8
487,7
488,9
489,19
490,2
491,10
492,1
493,19
494,3
495,10
496,17
497,0
498,18
499,3
500,1
501,8
502,7
503,15
504,10
505,2
506,10
507,10
508,10
509,3
510,15
511,0
512,6
513,1
514,10
515,15
516,11
517,1
518,7
519,6
520,7
521,11
522,2
523,0
524,3
525,17
526,18
527,14
528,0
529,3
530,8
531,6
532,7
533,9
534,14
535,19
536,12
537,19
538,15
539,0
540,13
541,0
542,6
543,14
544,15
545,14
546,4
547,4
548,10
549,19
550,12
551,0
552,9
553,2
554,12
555,6
556,9
557,3
558,6
559,15
560,5
561,16
562,0
563,9
564,19
565,14
566,10
567,4
568,18
569,4
570,5
571,6
572,18
573,5
574,2
575,5
576,12
577,11
578,17
579,16
580,2
581,15
582,14
583,11
584,1
585,12
586,11
587,8
588,2
589,19
590,14
591,0
592,11
593,11
594,13
595,17
596,16
597,15
598,14
599,8
600,12
601,17
602,15
603,2
604,7
605,2
606,8
607,15
608,6
609,9
610,8
611,3
612,18
613,3
614,17
615,11
616,7
617,6
618,17
619,7
620,19
621,7
622,11
623,8
624,0
625,0
626,3
627,14
628,18
629,1
630,10
631,9
632,11
633,1
634,6
635,17
636,4
637,15
638,9
639,15
640,14
641,18
642,13
643,15
644,5
645,14
646,14
647,15
648,4
649,17
650,19
651,2
652,5
653,7
654,16
655,4
656,14
657,11
658,11
659,8
660,14
661,1
662,2
663,19
664,7
665,7
666,13
667,6
668,15
669,8
670,5
671,4
672,10
673,5
674,6
675,11
676,15
677,0
678,15
679,18
680,4
681,7
682,12
683,13
684,4
685,16
686,7
687,14
688,14
689,5
690,10
691,8
692,6
693,8
694,8
695,8
696,7
697,1
698,1
699,1
700,6
701,10
702,17
703,18
704,10
705,11
706,17
707,4
708,6
709,14
710,8
711,10
712,9
713,6
714,18
715,15
716,11
717,6
718,4
719,7
720,7
721,13
722,18
723,15
724,14
725,15
726,3
727,0
728,19
729,17
730,11
731,8
732,2
733,17
734,1
735,4
736,7
737,4
738,10
739,14
740,13
741,5
742,0
743,8
744,5
745,14
746,2
747,2
748,12
749,16
750,17
751,13
752,4
753,11
754,12
755,4
756,17
757,1
758,17
759,3
760,11
761,11
762,15
763,2
764,7
765,16
766,10
767,0
768,7
769,13
770,16
771,18
772,9
773,1
774,16
775,8
776,4
777,16
778,3
779,19
780,4
781,14
782,11
783,4
784,17
785,2
786,1
787,2
788,5
789,11
790,14
791,3
792,18
793,2
794,19
795,1
796,10
797,13
798,10
799,10
800,7
801,15
802,6
803,16
804,15
805,13
806,5
807,12
808,15
809,9
810,15
811,4
812,19
813,10
814,14
815,18
816,18
817,18
818,17
819,9
820,0
821,0
822,6
823,18
824,16
825,8
826,3
827,11
828,16
829,12
830,15
831,16
832,8
833,19
834,11
835,18
836,9
837,1
838,7
839,7
840,3
841,9
842,5
843,15
844,9
845,9
846,15
847,3
848,12
849,16
850,14
851,8
852,1
853,15
854,14
855,9
856,12
857,12
858,13
859,11
860,19
861,12
862,7
863,2
864,14
865,0
866,17
867,17
868,16
869,6
870,0
871,16
872,14
873,13
874,0
875,5
876,12
877,9
878,16
879,11
880,7
881,9
882,5
883,14
884,6
885,4
886,5
887,3
888,13
889,8
890,16
891,8
892,0
893,13
894,7
895,6
896,8
897,14
898,18
899,1
900,13
901,1
902,10
903,2
904,13
905,10
906,14
907,10
908,0
909,15
910,15
911,10
912,6
913,17
914,7
915,11
916,2
917,1
918,16
919,5
920,16
921,11
922,2
923,4
924,4
925,4
926,7
927,16
928,3
929,5
930,9
931,16
932,13
933,4
934,8
935,5
936,13
937,13
938,1
939,8
940,6
941,10
942,2
943,3
944,15
945,7
946,17
947,16
948,1
949,7
950,7
951,3
952,9
953,2
954,3
955,19
956,18
957,9
958,18
959,6
960,17
961,7
962,10
963,13
964,12
965,4
966,3
967,7
968,16
969,8
970,18
971,8
972,1
973,9
974,12
975,16
976,4
977,13
978,3
979,18
980,3
981,4
982,18
983,9
984,13
985,5
986,14
987,9
988,16
989,19
990,13
991,6
992,7
993,5
994,18
995,11
996,13
997,2
998,8
999,13
1000,5
1001,12
1002,3
1003,2
1004,4
1005,19
1006,8
1007,17
1008,6
1009,6
1010,13
1011,5
1012,5
1013,14
1014,2
1015,4
1016,6
1017,16
1018,5
1019,11
1020,1
1021,4
1022,13
1023,12
1024,15
1025,18
1026,19
1027,9
1028,10
1029,11
1030,5
1031,3
1032,0
1033,10
1034,7
1035,17
1036,9
1037,19
1038,16
1039,2
1040,17
1041,0
1042,8
1043,19
1044,16
1045,12
1046,14
1047,10
1048,16
1049,3
1050,1
1051,15
1052,9
1053,5
1054,11
1055,14
1056,2
1057,2
1058,7
1059,10
1060,9
1061,18
1062,11
1063,3
1064,1
1065,18
1066,15
1067,6
1068,16
1069,7
1070,6
1071,18
1072,4
1073,10
1074,7
1075,4
1076,19
1077,11
1078,6
1079,11
1080,3
1081,18
1082,4
1083,3
1084,6
1085,3
1086,11
1087,1
1088,8
1089,2
1090,0
1091,8
1092,17
1093,8
1094,1
1095,16
1096,10
1097,19
1098,3
1099,0
1100,4
1101,16
1102,9
1103,15
1104,14
1105,5
1106,2
1107,10
1108,0
1109,15
1110,9
1111,10
1112,13
1113,9
1114,16
1115,9
1116,12
1117,5
1118,9
1119,3
1120,3
1121,3
1122,9
1123,11
1124,16
1125,19
1126,19
1127,3
1128,14
1129,6
1130,10
1131,18
1132,5
1133,10
1134,6
1135,17
1136,14
1137,16
1138,2
1139,12
1140,16
1141,11
1142,7
1143,9
1144,18
1145,11
1146,5
1147,8
1148,16
1149,15
1150,19
1151,14
1152,0
1153,1
1154,15
1155,2
1156,2
1157,16
1158,7
1159,5
1160,13
1161,0
1162,4
1163,9
1164,5
1165,0
1166,6
1167,4
1168,4
1169,2
1170,11
1171,19
1172,5
1173,1
1174,0
1175,19
1176,6
1177,15
1178,1
1179,8
1180,12
1181,11
1182,16
1183,4
1184,1
1185,7
1186,3
1187,15
1188,14
1189,8
1190,0
1191,9
1192,9
1193,0
1194,13
1195,14
1196,9
1197,18
1198,2
1199,9
1200,11
1201,10
1202,7
1203,6
1204,18
1205,10
1206,4
1207,2
1208,7
1209,12
1210,1
1211,14
1212,18
1213,14
1214,5
1215,6
1216,15
1217,8
1218,12
1219,2
1220,7
1221,11
1222,5
1223,9
1224,1
1225,18
1226,12
1227,18
1228,2
1229,0
1230,11
1231,11
1232,8
1233,19
1234,14
1235,2
1236,3
1237,4
1238,7
1239,7
1240,17
1241,2
1242,3
1243,19
1244,1
1245,19
1246,12
1247,17
1248,8
1249,10
1250,12
1251,17
1252,8
1253,18
1254,6
1255,18
1256,10
1257,3
1258,16
1259,1
1260,15
1261,2
1262,14
1263,0
1264,8
1265,9
1266,6
1267,14
1268,5
1269,7
1270,16
1271,5
1272,1
1273,0
1274,7
1275,8
1276,6
1277,4
1278,9
1279,6
1280,5
1281,10
1282,2
1283,1
1284,11
1285,2
1286,18
1287,6
1288,18
1289,7
1290,1
1291,4
1292,1
1293,7
1294,1
1295,11
1296,19
1297,4
1298,3
1299,19
1300,7
1301,4
1302,16
1303,19
1304,7
1305,7
1306,18
1307,9
1308,12
1309,16
1310,8
1311,10
1312,16
1313,12
1314,5
1315,5
1316,8
1317,19
1318,12
1319,6
1320,6
1321,8
1322,4
1323,1
1324,13
1325,12
1326,2
1327,4
1328,2
1329,5
1330,10
1331,19
1332,4
1333,2
1334,19
1335,19
1336,18
1337,0
1338,16
1339,15
1340,15
1341,1
1342,3
1343,12
1344,15
1345,14
1346,11
1347,7
1348,19
1349,18
1350,2
1351,14
1352,9
1353,2
1354,1
1355,12
1356,19
1357,14
1358,2
1359,0
1360,6
1361,16
1362,11
1363,9
1364,1
1365,10
1366,14
1367,3
1368,11
1369,14
1370,15
1371,17
1372,8
1373,5
1374,17
1375,15
1376,12
1377,7
1378,9
1379,6
1380,1
1381,15
1382,10
1383,2
1384,8
1385,6
1386,14
1387,5
1388,8
1389,16
1390,7
1391,16
1392,10
1393,3
1394,14
1395,13
1396,9
1397,12
1398,13
1399,8
1400,16
1401,0
1402,10
1403,1
1404,0
1405,17
1406,18
1407,17
1408,6
1409,10
1410,12
1411,16
1412,18
1413,6
1414,12
1415,7
1416,5
1417,16
1418,0
1419,16
1420,12
1421,1
1422,14
1423,10
1424,3
1425,0
1426,5
1427,1
1428,18
1429,8
1430,0
1431,10
1432,2
1433,12
1434,1
1435,18
1436,2
1437,0
1438,7
1439,18
1440,12
1441,18
1442,12
1443,8
1444,13
1445,11
1446,16
1447,12
1448,13
1449,17
1450,6
1451,17
1452,2
1453,16
1454,3
1455,15
1456,19
1457,12
1458,2
1459,14
1460,7
1461,3
1462,6
1463,2
1464,2
1465,15
1466,19
1467,13
1468,18
1469,3
1470,11
1471,11
1472,11
1473,18
1474,10
1475,14
1476,1
1477,17
1478,8
1479,3
1480,1
1481,10
1482,6
1483,10
1484,5
1485,13
1486,14
1487,3
1488,6
1489,5
1490,12
1491,7
1492,15
1493,8
1494,7
1495,15
1496,15
1497,4
1498,6
1499,0
1500,15
1501,0
1502,16
1503,1
1504,2
1505,6
1506,8
1507,10
1508,1
1509,11
1510,10
1511,3
1512,13
1513,14
1514,2
1515,19
1516,13
1517,0
1518,12
1519,17
1520,15
1521,1
1522,1
1523,6
1524,9
1525,4
1526,11
1527,9
1528,9
1529,7
1530,1
1531,3
1532,12
1533,1
1534,5
1535,4
1536,10
1537,6
1538,3
1539,10
1540,16
1541,9
1542,15
1543,11
1544,3
1545,7
1546,5
1547,4
1548,2
1549,10
1550,19
1551,4
1552,17
1553,16
1554,5
1555,18
1556,4
1557,9
1558,0
1559,8
1560,3
1561,13
1562,14
1563,18
1564,19
1565,17
1566,19
1567,1
1568,4
1569,5
1570,11
1571,8
1572,17
1573,13
1574,4
1575,2
1576,8
1577,14
1578,9
1579,4
1580,2
1581,18
1582,1
1583,11
1584,1
1585,14
1586,15
1587,10
1588,14
1589,10
1590,11
1591,0
1592,14
1593,19
1594,8
1595,8
1596,5
1597,10
1598,15
1599,13
1600,12
1601,15
1602,13
1603,1
1604,8
1605,19
1606,9
1607,6
1608,12
1609,1
1610,7
1611,9
1612,7
1613,11
1614,4
1615,17
1616,11
1617,6
1618,7
1619,3
1620,14
1621,11
1622,15
1623,9
1624,6
1625,14
1626,1
1627,15
1628,1
1629,8
1630,5
1631,2
1632,10
1633,15
1634,10
1635,8
1636,16
1637,7
1638,16
1639,6
1640,12
1641,18
1642,2
1643,1
1644,10
1645,10
1646,10
1647,16
1648,11
1649,15
1650,3
1651,7
1652,3
1653,2
1654,9
1655,1
1656,6
1657,4
1658,5
1659,16
1660,14
1661,6
1662,19
1663,16
1664,2
1665,3
1666,19
1667,0
1668,1
1669,14
1670,8
1671,10
1672,7
1673,8
1674,1
1675,5
1676,4
1677,2
1678,15
1679,9
1680,15
1681,19
1682,11
1683,0
1684,10
1685,18
1686,7
1687,8
1688,0
1689,8
1690,8
1691,11
1692,4
1693,0
1694,1
1695,6
1696,15
1697,1
1698,18
1699,4
1700,16
1701,7
1702,4
1703,11
1704,11
1705,14
1706,8
1707,17
1708,8
1709,11
1710,10
1711,11
1712,16
1713,1
1714,11
1715,8
1716,2
1717,6
1718,7
1719,18
1720,11
1721,18
1722,13
1723,11
1724,2
1725,19
1726,17
1727,3
1728,17
1729,6
1730,12
1731,0
1732,7
1733,16
1734,15
1735,0
1736,18
1737,4
1738,11
1739,0
1740,19
1741,11
1742,5
1743,1
1744,8
1745,8
1746,7
1747,1
1748,9
1749,14
1750,15
1751,12
1752,8
1753,5
1754,13
1755,14
1756,3
1757,1
1758,15
1759,5
1760,10
1761,16
1762,17
1763,18
1764,4
1765,18
1766,10
1767,4
1768,16
1769,10
1770,15
1771,11
1772,12
1773,11
1774,3
1775,19
1776,8
1777,7
1778,8
1779,19
1780,14
1781,4
1782,17
1783,12
1784,8
1785,10
1786,11
1787,19
1788,5
1789,15
1790,13
1791,13
1792,14
1793,3
1794,0
1795,7
1796,13
1797,9
1798,5
1799,10
1800,7
1801,13
1802,10
1803,11
1804,15
1805,16
1806,5
1807,1
1808,18
1809,11
1810,3
1811,7
1812,1
1813,12
1814,0
1815,2
1816,4
1817,4
1818,13
1819,11
1820,12
1821,10
1822,5
1823,13
1824,18
1825,11
1826,10
1827,15
1828,17
1829,16
1830,16
1831,14
1832,4
1833,17
1834,4
1835,8
1836,13
1837,14
1838,9
1839,12
1840,8
1841,6
1842,8
1843,3
1844,5
1845,4
1846,8
1847,7
1848,17
1849,0
1850,8
1851,8
1852,0
1853,1
1854,13
1855,12
1856,14
1857,8
1858,2
1859,15
1860,8
1861,7
1862,13
1863,16
1864,3
1865,8
1866,17
1867,2
1868,11
1869,12
1870,4
1871,9
1872,7
1873,14
1874,2
1875,18
1876,11
1877,8
1878,11
1879,7
1880,17
1881,12
1882,2
1883,9
1884,3
1885,4
1886,4
1887,3
1888,17
1889,18
1890,18
1891,4
1892,14
1893,13
1894,12
1895,9
1896,10
1897,3
1898,1
1899,2
1900,13
1901,16
1902,12
1903,9
1904,1
1905,13
1906,7
1907,11
1908,15
1909,6
1910,2
1911,18
1912,9
1913,12
1914,5
1915,10
1916,7
1917,15
1918,8
1919,12
1920,2
1921,0
1922,7
1923,9
1924,19
1925,5
1926,19
1927,11
1928,14
1929,4
1930,18
1931,8
1932,3
1933,10
1934,5
1935,7
1936,8
1937,7
1938,6
1939,1
1940,6
1941,13
1942,2
1943,18
1944,18
1945,13
1946,0
1947,17
1948,14
1949,10
1950,17
1951,2
1952,10
1953,17
1954,2
1955,18
1956,11
1957,3
1958,16
1959,15
1960,15
1961,6
1962,13
1963,2
1964,9
1965,13
1966,8
1967,15
1968,16
1969,13
1970,5
1971,1
1972,4
1973,1
1974,8
1975,5
1976,15
1977,9
1978,13
1979,1
1980,9
1981,13
1982,7
1983,8
1984,13
1985,15
1986,6
1987,13
1988,8
1989,8
1990,10
1991,10
1992,13
1993,3
1994,5
1995,2
1996,17
1997,3
1998,15
1999,9
2000,11
2001,9
2002,1
2003,19
2004,17
2005,18
2006,11
2007,5
2008,16
2009,0
2010,16
2011,11
2012,3
2013,4
2014,7
2015,7
2016,14
2017,3
2018,14
2019,3
2020,2
2021,14
2022,1
2023,16
2024,8
2025,12
2026,6
2027,14
2028,12
2029,2
2030,8
2031,13
2032,0
2033,14
2034,12
2035,17
2036,15
2037,6
2038,11
2039,10
2040,0
2041,15
2042,10
2043,7
2044,18
2045,5
2046,9
2047,14
2048,3
2049,0
2050,18
2051,13
2052,10
2053,7
2054,2
2055,2
2056,5
2057,11
2058,10
2059,13
2060,4
2061,15
2062,5
2063,0
2064,12
2065,4
2066,11
2067,13
2068,17
2069,13
2070,16
2071,3
2072,19
2073,19
2074,2
2075,16
2076,5
2077,3
2078,2
2079,15
2080,18
2081,7
2082,6
2083,5
2084,14
2085,6
2086,4
2087,9
2088,15
2089,13
2090,13
2091,10
2092,14
2093,5
2094,11
2095,11
2096,11
2097,4
2098,8
2099,0
2100,11
2101,1
2102,17
2103,12
2104,1
2105,15
2106,14
2107,3
2108,16
2109,19
2110,14
2111,5
2112,14
2113,13
2114,2
2115,11
2116,9
2117,2
2118,1
2119,7
2120,5
2121,13
2122,9
2123,8
2124,7
2125,16
2126,11
2127,17
2128,12
2129,1
2130,18
2131,13
2132,9
2133,16
2134,7
2135,1
2136,10
2137,3
2138,16
2139,0
2140,3
2141,18
2142,17
2143,13
2144,12
2145,6
2146,2
2147,15
2148,11
2149,4
2150,4
2151,4
2152,10
2153,2
2154,15
2155,13
2156,9
2157,5
2158,9
2159,1
2160,8
2161,12
2162,9
2163,16
2164,9
2165,8
2166,14
2167,2
2168,16
2169,3
2170,10
2171,10
2172,7
2173,19
2174,16
2175,3
2176,6
2177,0
2178,11
2179,6
2180,14
2181,8
2182,19
2183,4
2184,2
2185,3
2186,0
2187,17
2188,8
2189,3
2190,2
2191,3
2192,0
2193,12
2194,5
2195,16
2196,14
2197,13
2198,14
2199,16
2200,12
2201,11
2202,14
2203,17
2204,2
2205,7
2206,9
2207,12
2208,3
2209,1
2210,13
2211,14
2212,6
2213,12
2214,3
2215,12
2216,8
2217,8
2218,6
2219,16
2220,3
2221,11
2222,10
2223,5
2224,13
2225,14
2226,7
2227,1
2228,9
2229,11
2230,11
2231,8
2232,12
2233,6
2234,2
2235,3
2236,9
2237,14
2238,1
2239,3
2240,0
2241,8
2242,2
2243,13
2244,9
2245,9
2246,7
2247,18
2248,12
2249,9
2250,17
2251,9
2252,9
2253,16
2254,10
2255,7
2256,15
2257,17
2258,19
2259,0
2260,11
2261,12
2262,11
2263,8
2264,14
2265,18
2266,17
2267,10
2268,0
2269,12
2270,9
2271,8
2272,3
2273,10
2274,9
2275,0
2276,10
2277,8
2278,11
2279,5
2280,8
2281,1
2282,6
2283,12
2284,15
2285,6
2286,3
2287,3
2288,9
2289,2
2290,7
2291,0
2292,3
2293,4
2294,13
2295,9
2296,8
2297,9
2298,5
2299,17
2300,12
2301,3
2302,14
2303,1
2304,8
2305,14
2306,7
2307,18
2308,9
2309,0
2310,1
2311,18
2312,7
2313,11
2314,18
2315,8
2316,2
2317,15
2318,2
2319,3
2320,3
2321,15
2322,0
2323,13
2324,4
2325,8
2326,16
2327,17
2328,1
2329,8
2330,4
2331,15
2332,5
2333,14
2334,0
2335,8
2336,19
2337,12
2338,1
2339,2
2340,3
2341,15
2342,11
2343,17
2344,14
2345,5
2346,13
2347,5
2348,17
2349,5
2350,19
2351,6
2352,3
2353,14
2354,8
2355,14
2356,4
2357,17
2358,15
2359,12
2360,17
2361,5
2362,7
2363,3
2364,2
2365,1
2366,7
2367,15
2368,11
2369,0
2370,4
2371,17
2372,18
2373,16
2374,12
2375,8
2376,12
2377,12
2378,2
2379,11
2380,7
2381,15
2382,19
2383,1
2384,7
2385,9
2386,4
2387,16
2388,2
2389,9
2390,2
2391,2
2392,16
2393,3
2394,15
2395,19
2396,19
2397,2
2398,10
2399,10
2400,16
2401,8
2402,12
2403,13
2404,5
2405,12
2406,1
2407,10
2408,14
2409,16
2410,10
2411,1
2412,17
2413,8
2414,10
2415,12
2416,17
2417,12
2418,8
2419,5
2420,7
2421,0
2422,3
2423,14
2424,0
2425,13
2426,16
2427,5
2428,8
2429,1
2430,17
2431,6
2432,15
2433,13
2434,18
2435,11
2436,0
2437,1
2438,11
2439,9
2440,11
2441,19
2442,0
2443,7
2444,6
2445,1
2446,18
2447,15
2448,6
2449,8
2450,3
2451,0
2452,15
2453,16
2454,16
2455,12
2456,9
2457,15
2458,4
2459,8
2460,13
2461,16
2462,17
2463,17
2464,8
2465,3
2466,12
2467,11
2468,13
2469,10
2470,1
2471,9
2472,4
2473,16
2474,4
2475,3
2476,0
2477,19
2478,9
2479,15
2480,1
2481,12
2482,5
2483,2
2484,9
2485,5
2486,11
2487,8
2488,9
2489,17
2490,19
2491,10
2492,15
2493,17
2494,14
2495,9
2496,17
2497,3
2498,12
2499,1
2500,13
2501,13
2502,6
2503,13
2504,5
2505,11
2506,10
2507,1
2508,11
2509,13
2510,15
2511,3
2512,2
2513,9
2514,0
2515,10
2516,7
2517,4
2518,1
2519,7
2520,17
2521,12
2522,11
2523,6
2524,13
2525,3
2526,0
2527,14
2528,17
2529,19
2530,9
2531,13
2532,19
2533,1
2534,12
2535,14
2536,6
2537,12
2538,12
2539,17
2540,13
2541,9
2542,10
2543,2
2544,12
2545,1
2546,5
2547,12
2548,3
2549,7
2550,18
2551,11
2552,11
2553,17
2554,15
2555,7
2556,6
2557,11
2558,17
2559,8
2560,9
2561,10
2562,17
2563,6
2564,3
2565,8
2566,7
2567,3
2568,6
2569,13
2570,4
2571,18
2572,5
2573,0
2574,12
2575,3
2576,3
2577,8
2578,18
2579,13
2580,18
2581,5
2582,19
2583,7
2584,16
2585,18
2586,11
2587,2
2588,17
2589,15
2590,19
2591,15
2592,11
2593,16
2594,12
2595,8
2596,0
2597,3
2598,11
2599,4
2600,12
2601,6
2602,8
2603,6
2604,14
2605,15
2606,7
2607,3
2608,1
2609,19
2610,16
2611,13
2612,17
2613,5
2614,3
2615,0
2616,13
2617,12
2618,18
2619,8
2620,13
2621,14
2622,15
2623,18
2624,8
2625,14
2626,16
2627,17
2628,13
2629,3
2630,3
2631,1
2632,17
2633,16
2634,8
2635,10
2636,11
2637,8
2638,18
2639,3
2640,16
2641,5
2642,10
2643,13
2644,8
2645,10
2646,9
2647,18
2648,3
2649,9
2650,13
2651,6
2652,1
2653,15
2654,4
2655,6
2656,10
2657,5
2658,3
2659,16
2660,15
2661,4
2662,19
2663,10
2664,14
2665,7
2666,6
2667,6
2668,8
2669,12
2670,10
2671,13
2672,7
2673,19
2674,0
2675,9
2676,15
2677,0
2678,19
2679,6
2680,12
2681,5
2682,13
2683,14
2684,13
2685,4
2686,0
2687,10
2688,11
2689,6
2690,7
2691,2
2692,13
2693,0
2694,6
2695,2
2696,6
2697,15
2698,10
2699,7
2700,1
2701,17
2702,15
2703,6
2704,10
2705,16
2706,7
2707,11
2708,14
2709,13
2710,6
2711,4
2712,16
2713,17
2714,2
2715,12
2716,1
2717,12
2718,19
2719,7
2720,18
2721,5
2722,5
2723,9
2724,13
2725,0
2726,17
2727,5
2728,16
2729,18
2730,5
2731,1
2732,10
2733,13
2734,15
2735,18
2736,8
2737,17
2738,10
2739,0
2740,8
2741,17
2742,12
2743,10
2744,14
2745,7
2746,11
2747,0
2748,6
2749,12
2750,15
2751,3
2752,11
2753,2
2754,18
2755,9
2756,9
2757,14
2758,1
2759,1
2760,19
2761,16
2762,5
2763,15
2764,6
2765,12
2766,15
2767,13
2768,6
2769,16
2770,7
2771,5
2772,8
2773,2
2774,5
2775,11
2776,17
2777,6
2778,3
2779,0
2780,6
2781,10
2782,12
2783,6
2784,0
2785,6
2786,17
2787,14
2788,1
2789,0
2790,1
2791,12
2792,13
2793,6
2794,5
2795,3
2796,7
2797,17
2798,2
2799,14
2800,3
2801,4
2802,5
2803,4
2804,3
2805,16
2806,9
2807,14
2808,17
2809,17
2810,6
2811,6
2812,12
2813,17
2814,2
2815,7
2816,1
2817,14
2818,1
2819,6
2820,9
2821,1
2822,11
2823,3
2824,2
2825,10
2826,18
2827,14
2828,6
2829,4
2830,10
2831,5
2832,13
2833,14
2834,2
2835,10
2836,3
2837,1
2838,0
2839,18
2840,13
2841,16
2842,15
2843,12
2844,18
2845,8
2846,7
2847,9
2848,16
2849,16
2850,10
2851,17
2852,16
2853,6
2854,4
2855,0
2856,16
2857,6
2858,3
2859,16
2860,19
2861,14
2862,8
2863,11
2864,7
2865,16
2866,10
2867,9
2868,17
2869,3
2870,8
2871,15
2872,17
2873,13
2874,4
2875,11
2876,4
2877,3
2878,4
2879,19
2880,4
2881,11
2882,1
2883,15
2884,7
2885,2
2886,6
2887,12
2888,5
2889,10
2890,5
2891,11
2892,4
2893,9
2894,2
2895,17
2896,5
2897,14
2898,11
2899,9
2900,12
2901,1
2902,8
2903,1
2904,19
2905,14
2906,4
2907,9
2908,15
2909,4
2910,4
2911,19
2912,14
2913,5
2914,11
2915,2
2916,14
2917,15
2918,10
2919,10
2920,4
2921,5
2922,5
2923,0
2924,3
2925,2
2926,15
2927,6
2928,15
2929,14
2930,1
2931,14
2932,9
2933,8
2934,10
2935,9
2936,14
2937,2
2938,9
2939,8
2940,2
2941,11
2942,0
2943,18
2944,1
2945,17
2946,8
2947,10
2948,1
2949,17
2950,2
2951,0
2952,4
2953,10
2954,4
2955,16
2956,19
2957,14
2958,1
2959,9
2960,13
2961,10
2962,13
2963,5
2964,17
2965,4
2966,11
2967,15
2968,13
2969,5
2970,9
2971,11
2972,4
2973,15
2974,13
2975,17
2976,12
2977,14
2978,9
2979,11
2980,5
2981,17
2982,14
2983,17
2984,16
2985,10
2986,9
2987,8
2988,12
2989,19
2990,1
2991,1
2992,18
2993,14
2994,1
2995,14
2996,2
2997,6
2998,13
2999,10
3000,12
3001,10
3002,5
3003,9
3004,13
3005,12
3006,9
3007,19
3008,11
3009,18
3010,5
3011,8
3012,19
3013,2
3014,17
3015,17
3016,8
3017,16
3018,2
3019,9
3020,17
3021,6
3022,1
3023,10
3024,11
3025,7
3026,3
3027,5
3028,4
3029,6
3030,14
3031,10
3032,18
3033,6
3034,11
3035,7
3036,9
3037,7
3038,17
3039,9
3040,3
3041,3
3042,11
3043,11
3044,6
3045,16
3046,4
3047,18
3048,16
3049,16
3050,16
3051,5
3052,16
3053,2
3054,8
3055,8
3056,9
3057,15
3058,15
3059,7
3060,12
3061,19
3062,6
3063,9
3064,7
3065,3
3066,10
3067,10
3068,17
3069,1
3070,0
3071,0
3072,10
3073,16
3074,19
3075,5
3076,0
3077,18
3078,4
3079,5
3080,11
3081,3
3082,19
3083,0
3084,6
3085,4
3086,15
3087,14
3088,13
3089,15
3090,6
3091,16
3092,6
3093,13
3094,6
3095,1
3096,6
3097,4
3098,11
3099,8
3100,11
3101,19
3102,15
3103,5
3104,16
3105,1
3106,17
3107,1
3108,19
3109,6
3110,14
3111,1
3112,10
3113,18
3114,7
3115,4
3116,8
3117,12
3118,6
3119,11
3120,10
3121,6
3122,14
3123,6
3124,7
3125,3
3126,4
3127,5
3128,14
3129,9
3130,13
3131,10
3132,15
3133,1
3134,5
3135,4
3136,18
3137,7
3138,3
3139,10
3140,17
3141,16
3142,14
3143,14
3144,18
3145,19
3146,17
3147,13
3148,11
3149,5
3150,6
3151,13
3152,9
3153,0
3154,3
3155,16
3156,16
3157,17
3158,15
3159,4
3160,8
3161,10
3162,4
3163,11
3164,3
3165,0
3166,2
3167,11
3168,19
3169,8
3170,17
3171,5
3172,4
3173,5
3174,3
3175,15
3176,14
3177,6
3178,16
3179,15
3180,9
3181,8
3182,6
3183,3
3184,10
3185,15
3186,18
3187,12
3188,18
3189,10
3190,1
3191,18
3192,3
3193,7
3194,7
3195,15
3196,1
3197,2
3198,10
3199,16
3200,9
3201,5
3202,18
3203,2
3204,17
3205,0
3206,16
3207,19
3208,16
3209,9
3210,13
3211,7
3212,11
3213,17
3214,10
3215,5
3216,3
3217,1
3218,9
3219,8
3220,0
3221,16
3222,4
3223,15
3224,8
3225,18
3226,14
3227,15
3228,9
3229,13
3230,4
3231,1
3232,18
3233,6
3234,3
3235,1
3236,1
3237,4
3238,15
3239,9
3240,17
3241,11
3242,6
3243,14
3244,1
3245,8
3246,14
3247,9
3248,9
3249,16
3250,16
3251,19
3252,7
3253,0
3254,4
3255,7
3256,8
3257,15
3258,15
3259,4
3260,1
3261,18
3262,9
3263,7
3264,18
3265,1
3266,18
3267,12
3268,13
3269,17
3270,4
3271,8
3272,0
3273,4
3274,18
3275,14
3276,5
3277,6
3278,6
3279,4
3280,10
3281,16
3282,12
3283,18
3284,14
3285,0
3286,3
3287,7
3288,5
3289,9
3290,2
3291,15
3292,19
3293,18
3294,11
3295,5
3296,11
3297,13
3298,15
3299,18
3300,13
3301,19
3302,3
3303,7
3304,13
3305,9
3306,13
3307,8
3308,10
3309,16
3310,12
3311,18
3312,10
3313,10
3314,6
3315,5
3316,1
3317,11
3318,16
3319,11
3320,8
3321,7
3322,9
3323,6
3324,7
3325,6
3326,4
3327,5
3328,12
3329,18
3330,2
3331,10
3332,12
3333,4
3334,2
3335,15
3336,13
3337,8
3338,0
3339,6
3340,7
3341,5
3342,11
3343,3
3344,13
3345,15
3346,15
3347,6
3348,16
3349,9
3350,16
3351,12
3352,16
3353,12
3354,9
3355,17
3356,7
3357,0
3358,13
3359,12
3360,8
3361,19
3362,18
3363,16
3364,19
3365,0
3366,6
3367,17
3368,14
3369,16
3370,4
3371,7
3372,18
3373,15
3374,17
3375,11
3376,1
3377,11
3378,1
3379,2
3380,3
3381,0
3382,11
3383,6
3384,1
3385,15
3386,19
3387,3
3388,5
3389,12
3390,3
3391,2
3392,16
3393,11
3394,3
3395,1
3396,1
3397,8
3398,14
3399,13
3400,2
3401,11
3402,14
3403,15
3404,11
3405,13
3406,17
3407,5
3408,17
3409,13
3410,14
3411,5
3412,12
3413,12
3414,9
3415,9
3416,7
3417,15
3418,8
3419,17
3420,10
3421,1
3422,14
3423,13
3424,15
3425,12
3426,13
3427,15
3428,2
3429,14
3430,2
3431,2
3432,16
3433,3
3434,7
3435,15
3436,11
3437,10
3438,5
3439,11
3440,7
3441,9
3442,8
3443,10
3444,6
3445,15
3446,4
3447,13
3448,13
3449,1
3450,2
3451,6
3452,15
3453,15
3454,4
3455,5
3456,11
3457,1
3458,8
3459,16
3460,4
3461,5
3462,11
3463,6
3464,13
3465,15
3466,1
3467,13
3468,7
3469,6
3470,4
3471,3
3472,17
3473,12
3474,14
3475,14
3476,15
3477,17
3478,4
3479,5
3480,6
3481,17
3482,15
3483,3
3484,12
3485,6
3486,3
3487,8
3488,14
3489,13
3490,15
3491,12
3492,17
3493,9
3494,7
3495,10
3496,18
3497,17
3498,4
3499,19
3500,2
3501,18
3502,9
3503,3
3504,13
3505,16
3506,19
3507,12
3508,2
3509,12
3510,14
3511,10
3512,2
3513,17
3514,5
3515,19
3516,9
3517,6
3518,16
3519,3
3520,2
3521,1
3522,1
3523,9
3524,9
3525,2
3526,10
3527,12
3528,2
3529,3
3530,14
3531,9
3532,9
3533,13
3534,7
3535,2
3536,10
3537,1
3538,11
3539,0
3540,19
3541,5
3542,3
3543,11
3544,8
3545,1
3546,11
3547,9
3548,7
3549,16
3550,3
3551,6
3552,18
3553,8
3554,1
3555,11
3556,6
3557,17
3558,10
3559,2
3560,14
3561,14
3562,13
3563,19
3564,3
3565,8
3566,1
3567,3
3568,7
3569,17
3570,18
3571,13
3572,13
3573,13
3574,10
3575,19
3576,9
3577,15
3578,9
3579,12
3580,17
3581,9
3582,9
3583,16
3584,3
3585,13
3586,5
3587,10
3588,3
3589,2
3590,14
3591,13
3592,4
3593,16
3594,12
3595,13
3596,8
3597,2
3598,17
3599,4
3600,12
3601,0
3602,8
3603,0
3604,13
3605,2
3606,16
3607,0
3608,0
3609,19
3610,8
3611,9
3612,16
3613,19
3614,13
3615,17
3616,11
3617,18
3618,13
3619,7
3620,2
3621,15
3622,3
3623,7
3624,6
3625,5
3626,12
3627,10
3628,18
3629,8
3630,7
3631,7
3632,0
3633,4
3634,3
3635,12
3636,19
3637,14
3638,8
3639,18
3640,18
3641,5
3642,19
3643,12
3644,15
3645,2
3646,11
3647,16
3648,7
3649,17
3650,17
3651,15
3652,1
3653,8
3654,12
3655,14
3656,16
3657,18
3658,6
3659,13
3660,0
3661,16
3662,2
3663,12
3664,3
3665,1
3666,1
3667,3
3668,17
3669,0
3670,5
3671,10
3672,1
3673,6
3674,14
3675,19
3676,14
3677,6
3678,11
3679,11
3680,11
3681,1
3682,11
3683,14
3684,6
3685,12
3686,18
3687,19
3688,2
3689,13
3690,9
3691,10
3692,1
3693,1
3694,15
3695,14
3696,15
3697,12
3698,19
3699,14
3700,2
3701,6
3702,3
3703,17
3704,6
3705,12
3706,17
3707,14
3708,18
3709,13
3710,3
3711,3
3712,6
3713,13
3714,6
3715,4
3716,8
3717,14
3718,12
3719,7
3720,7
3721,6
3722,14
3723,6
3724,4
3725,4
3726,2
3727,0
3728,15
3729,16
3730,8
3731,2
3732,10
3733,7
3734,16
3735,5
3736,12
3737,8
3738,8
3739,3
3740,6
3741,11
3742,19
3743,18
3744,17
3745,5
3746,7
3747,2
3748,8
3749,12
3750,7
3751,14
3752,0
3753,1
3754,5
3755,4
3756,0
3757,7
3758,15
3759,18
3760,1
3761,19
3762,18
3763,10
3764,14
3765,1
3766,19
3767,12
3768,2
3769,15
3770,3
3771,15
3772,9
3773,4
3774,16
3775,12
3776,16
3777,12
3778,11
3779,8
3780,4
3781,13
3782,9
3783,11
3784,17
3785,14
3786,9
3787,11
3788,4
3789,1
3790,7
3791,15
3792,3
3793,11
3794,3
3795,13
3796,12
3797,3
3798,4
3799,13
3800,0
3801,11
3802,8
3803,14
3804,19
3805,5
3806,3
3807,6
3808,14
3809,16
3810,11
3811,7
3812,12
3813,12
3814,2
3815,2
3816,10
3817,16
3818,7
3819,12
3820,2
3821,16
3822,1
3823,9
3824,12
3825,0
3826,7
3827,8
3828,14
3829,14
3830,1
3831,10
3832,5
3833,12
3834,19
3835,3
3836,15
3837,9
3838,13
3839,16
3840,9
3841,9
3842,1
3843,17
3844,0
3845,13
3846,3
3847,5
3848,0
3849,1
3850,19
3851,16
3852,10
3853,12
3854,2
3855,16
3856,2
3857,5
3858,15
3859,9
3860,9
3861,18
3862,18
3863,4
3864,11
3865,6
3866,5
3867,12
3868,10
3869,8
3870,1
3871,2
3872,3
3873,14
3874,18
3875,15
3876,15
3877,11
3878,12
3879,19
3880,7
3881,14
3882,12
3883,19
3884,5
3885,4
3886,17
3887,14
3888,13
3889,16
3890,8
3891,8
3892,6
3893,12
3894,3
3895,9
3896,4
3897,7
3898,14
3899,10
3900,13
3901,1
3902,4
3903,16
3904,14
3905,16
3906,6
3907,15
3908,19
3909,17
3910,11
3911,17
3912,14
3913,14
3914,10
3915,12
3916,11
3917,9
3918,13
3919,7
3920,17
3921,1
3922,17
3923,16
3924,5
3925,4
3926,10
3927,14
3928,11
3929,2
3930,15
3931,5
3932,19
3933,3
3934,1
3935,10
3936,10
3937,12
3938,3
3939,8
3940,10
3941,0
3942,15
3943,5
3944,7
3945,5
3946,12
3947,6
3948,11
3949,14
3950,1
3951,9
3952,5
3953,13
3954,16
3955,11
3956,6
3957,4
3958,10
3959,14
3960,15
3961,3
3962,5
3963,15
3964,8
3965,3
3966,13
3967,0
3968,13
3969,11
3970,3
3971,2
3972,13
3973,15
3974,16
3975,10
3976,8
3977,13
3978,2
3979,5
3980,5
3981,5
3982,10
3983,14
3984,19
3985,1
3986,9
3987,15
3988,8
3989,7
3990,0
3991,2
3992,9
3993,17
3994,10
3995,4
3996,9
3997,0
3998,16
3999,9
4000,11
4001,0
4002,7
4003,0
4004,3
4005,6
4006,0
4007,3
4008,9
4009,2
4010,7
4011,9
4012,13
4013,7
4014,8
4015,10
4016,11
4017,4
4018,4
4019,14
4020,11
4021,14
4022,4
4023,16
4024,10
4025,19
4026,5
4027,18
4028,4
4029,18
4030,14
4031,0
4032,2
4033,6
4034,3
4035,4
4036,10
4037,9
4038,6
4039,3
4040,9
4041,13
4042,19
4043,17
4044,8
4045,17
4046,16
4047,14
4048,5
4049,15
4050,1
4051,2
4052,0
4053,10
4054,3
4055,13
4056,16
4057,13
4058,3
4059,14
4060,3
4061,0
4062,1
4063,13
4064,3
4065,9
4066,17
4067,9
4068,4
4069,8
4070,2
4071,18
4072,18
4073,1
4074,1
4075,5
4076,12
4077,15
4078,19
4079,19
4080,2
4081,7
4082,16
4083,9
4084,5
4085,9
4086,5
4087,3
4088,10
4089,3
4090,9
4091,4
4092,2
4093,2
4094,13
4095,17
4096,3
4097,12
4098,19
4099,13
4100,1
4101,6
4102,9
4103,12
4104,3
4105,6
4106,7
4107,4
4108,15
4109,10
4110,14
4111,3
4112,7
4113,8
4114,9
4115,17
4116,5
4117,12
4118,13
4119,8
4120,19
4121,14
4122,4
4123,10
4124,2
4125,5
4126,15
4127,3
4128,13
4129,1
4130,0
4131,13
4132,7
4133,6
4134,1
4135,8
4136,6
4137,8
4138,2
4139,12
4140,2
4141,3
4142,5
4143,3
4144,2
4145,13
4146,8
4147,10
4148,10
4149,11
4150,0
4151,5
4152,11
4153,13
4154,10
4155,7
4156,15
4157,7
4158,0
4159,2
4160,11
4161,12
4162,3
4163,3
4164,13
4165,7
4166,15
4167,6
4168,10
4169,14
4170,6
4171,16
4172,14
4173,5
4174,12
4175,16
4176,11
4177,16
4178,9
4179,15
4180,4
4181,3
4182,17
4183,9
4184,11
4185,6
4186,10
4187,12
4188,16
4189,13
4190,10
4191,6
4192,8
4193,18
4194,12
4195,18
4196,7
4197,10
4198,1
4199,10
4200,15
4201,4
4202,2
4203,0
4204,6
4205,14
4206,2
4207,1
4208,1
4209,18
4210,6
4211,2
4212,11
4213,12
4214,10
4215,3
4216,19
4217,7
4218,8
4219,10
4220,18
4221,3
4222,19
4223,7
4224,9
4225,1
4226,6
4227,13
4228,13
4229,16
4230,4
4231,14
4232,16
4233,6
4234,8
4235,6
4236,11
4237,11
4238,2
4239,8
4240,8
4241,0
4242,4
4243,19
4244,8
4245,7
4246,7
4247,11
4248,6
4249,11
4250,10
4251,14
4252,17
4253,18
4254,1
4255,16
4256,5
4257,16
4258,16
4259,15
4260,4
4261,6
4262,6
4263,1
4264,17
4265,17
4266,7
4267,8
4268,2
4269,6
4270,4
4271,8
4272,3
4273,11
4274,11
4275,10
4276,6
4277,14
4278,4
4279,17
4280,9
4281,17
4282,12
4283,16
4284,14
4285,10
4286,0
4287,13
4288,2
4289,2
4290,4
4291,9
4292,11
4293,9
4294,5
4295,12
4296,10
4297,10
4298,1
4299,2
4300,17
4301,11
4302,13
4303,4
4304,14
4305,1
4306,3
4307,13
4308,7
4309,10
4310,3
4311,9
4312,8
4313,3
4314,6
4315,4
4316,14
4317,15
4318,12
4319,10
4320,14
4321,4
4322,4
4323,10
4324,4
4325,0
4326,0
4327,15
4328,6
4329,11
4330,18
4331,9
4332,2
4333,13
4334,11
4335,16
4336,4
4337,19
4338,6
4339,1
4340,16
4341,1
4342,10
4343,10
4344,15
4345,5
4346,7
4347,8
4348,6
4349,2
4350,4
4351,0
4352,4
4353,12
4354,10
4355,1
4356,11
4357,0
4358,2
4359,9
4360,4
4361,13
4362,11
4363,17
4364,0
4365,14
4366,6
4367,0
4368,5
4369,8
4370,7
4371,7
4372,17
4373,2
4374,15
4375,7
4376,7
4377,14
4378,6
4379,16
4380,8
4381,13
4382,17
4383,3
4384,15
4385,2
4386,12
4387,16
4388,10
4389,10
4390,11
4391,10
4392,1
4393,3
4394,3
4395,17
4396,9
4397,11
4398,1
4399,15
4400,14
4401,17
4402,10
4403,6
4404,4
4405,7
4406,14
4407,3
4408,4
4409,9
4410,2
4411,13
4412,10
4413,8
4414,7
4415,16
4416,11
4417,6
4418,6
4419,0
4420,16
4421,15
4422,15
4423,18
4424,10
4425,0
4426,15
4427,16
4428,13
4429,13
4430,9
4431,14
4432,11
4433,2
4434,10
4435,19
4436,7
4437,6
4438,7
4439,5
4440,4
4441,1
4442,8
4443,12
4444,6
4445,2
4446,10
4447,15
4448,9
4449,8
4450,6
4451,10
4452,5
4453,3
4454,15
4455,14
4456,8
4457,12
4458,7
4459,15
4460,2
4461,16
4462,8
4463,4
4464,0
4465,5
4466,2
4467,2
4468,17
4469,2
4470,18
4471,8
4472,12
4473,12
4474,11
4475,16
4476,8
4477,17
4478,16
4479,16
4480,16
4481,12
4482,15
4483,3
4484,9
4485,6
4486,12
4487,16
4488,15
4489,3
4490,10
4491,13
4492,10
4493,7
4494,2
4495,19
4496,16
4497,15
4498,0
4499,1
4500,10
4501,15
4502,2
4503,17
4504,4
4505,9
4506,4
4507,5
4508,5
4509,7
4510,3
4511,0
4512,14
4513,18
4514,10
4515,9
4516,11
4517,11
4518,6
4519,0
4520,0
4521,7
4522,11
4523,5
4524,5
4525,9
4526,1
4527,13
4528,4
4529,3
4530,0
4531,0
4532,3
4533,1
4534,4
4535,7
4536,1
4537,2
4538,6
4539,18
4540,14
4541,14
4542,11
4543,7
4544,1
4545,13
4546,17
4547,12
4548,9
4549,16
4550,5
4551,0
4552,2
4553,16
4554,18
4555,15
4556,9
4557,0
4558,11
4559,1
4560,1
4561,15
4562,13
4563,15
4564,14
4565,2
4566,7
4567,8
4568,15
4569,2
4570,15
4571,0
4572,0
4573,4
4574,10
4575,12
4576,7
4577,1
4578,7
4579,14
4580,1
4581,5
4582,0
4583,14
4584,12
4585,17
4586,14
4587,3
4588,2
4589,18
4590,6
4591,17
4592,12
4593,0
4594,12
4595,11
4596,8
4597,5
4598,8
4599,10
4600,4
4601,7
4602,19
4603,0
4604,9
4605,8
4606,9
4607,15
4608,11
4609,14
4610,5
4611,13
4612,11
4613,8
4614,15
4615,3
4616,6
4617,3
4618,4
4619,14
4620,13
4621,6
4622,4
4623,18
4624,14
4625,12
4626,6
4627,9
4628,10
4629,0
4630,2
4631,9
4632,7
4633,0
4634,18
4635,0
4636,15
4637,6
4638,4
4639,3
4640,11
4641,5
4642,7
4643,12
4644,1
4645,7
4646,7
4647,15
4648,17
4649,6
4650,12
4651,9
4652,14
4653,18
4654,7
4655,10
4656,11
4657,9
4658,18
4659,1
4660,8
4661,2
4662,3
4663,4
4664,10
4665,5
4666,5
4667,16
4668,4
4669,6
4670,16
4671,14
4672,14
4673,12
4674,11
4675,8
4676,7
4677,4
4678,11
4679,3
4680,2
4681,13
4682,19
4683,12
4684,6
4685,16
4686,10
4687,9
4688,7
4689,12
4690,10
4691,13
4692,12
4693,19
4694,12
4695,1
4696,3
4697,3
4698,12
4699,6
4700,3
4701,18
4702,7
4703,11
4704,12
4705,14
4706,8
4707,16
4708,9
4709,15
4710,6
4711,3
4712,13
4713,16
4714,9
4715,9
4716,0
4717,16
4718,8
4719,13
4720,12
4721,18
4722,7
4723,18
4724,10
4725,4
4726,14
4727,9
4728,5
4729,3
4730,7
4731,14
4732,3
4733,2
4734,3
4735,17
4736,9
4737,6
4738,14
4739,3
4740,11
4741,1
4742,7
4743,12
4744,19
4745,0
4746,12
4747,13
4748,13
4749,6
4750,11
4751,1
4752,1
4753,2
4754,19
4755,13
4756,1
4757,8
4758,6
4759,6
4760,14
4761,1
4762,7
4763,13
4764,17
4765,13
4766,10
4767,14
4768,17
4769,16
4770,2
4771,5
4772,16
4773,7
4774,7
4775,11
4776,15
4777,8
4778,8
4779,7
4780,11
4781,4
4782,1
4783,18
4784,15
4785,15
4786,16
4787,5
4788,17
4789,19
4790,12
4791,7
4792,10
4793,11
4794,15
4795,0
4796,4
4797,4
4798,13
4799,9
4800,15
4801,10
4802,1
4803,13
4804,14
4805,8
4806,1
4807,7
4808,17
4809,1
4810,13
4811,2
4812,6
4813,7
4814,19
4815,0
4816,17
4817,17
4818,12
4819,2
4820,5
4821,2
4822,12
4823,0
4824,12
4825,15
4826,16
4827,14
4828,2
4829,5
4830,5
4831,7
4832,19
4833,0
4834,18
4835,12
4836,5
4837,7
4838,3
4839,10
4840,13
4841,16
4842,5
4843,3
4844,16
4845,11
4846,14
4847,13
4848,2
4849,12
4850,0
4851,9
4852,3
4853,12
4854,11
4855,3
4856,0
4857,1
4858,4
4859,8
4860,14
4861,7
4862,17
4863,5
4864,1
4865,6
4866,1
4867,4
4868,3
4869,14
4870,12
4871,16
4872,2
4873,16
4874,5
4875,16
4876,6
4877,10
4878,16
4879,13
4880,14
4881,1
4882,16
4883,13
4884,7
4885,14
4886,12
4887,9
4888,14
4889,13
4890,16
4891,15
4892,10
4893,12
4894,8
4895,15
4896,7
4897,7
4898,0
4899,1
4900,2
4901,14
4902,18
4903,16
4904,16
4905,2
4906,8
4907,6
4908,3
4909,14
4910,0
4911,5
4912,14
4913,6
4914,17
4915,19
4916,3
4917,2
4918,9
4919,2
4920,6
4921,1
4922,9
4923,9
4924,17
4925,19
4926,19
4927,5
4928,19
4929,5
4930,16
4931,10
4932,15
4933,5
4934,18
4935,15
4936,3
4937,1
4938,10
4939,6
4940,3
4941,9
4942,6
4943,3
4944,16
4945,15
4946,15
4947,6
4948,14
4949,9
4950,6
4951,16
4952,10
4953,10
4954,10
4955,6
4956,12
4957,12
4958,12
4959,17
4960,7
4961,3
4962,4
4963,13
4964,8
4965,12
4966,17
4967,16
4968,13
4969,18
4970,14
4971,14
4972,2
4973,4
4974,14
4975,14
4976,1
4977,2
4978,15
4979,12
4980,17
4981,18
4982,8
4983,18
4984,15
4985,0
4986,2
4987,15
4988,2
4989,10
4990,2
4991,18
4992,0
4993,10
4994,12
4995,5
4996,10
4997,15
4998,17
4999,10
5000,3
5001,5
5002,14
5003,10
5004,9
5005,11
5006,16
5007,17
5008,3
5009,16
5010,7
5011,11
5012,8
5013,18
5014,12
5015,11
5016,10
5017,7
5018,15
5019,1
5020,4
5021,0
5022,12
5023,16
5024,10
5025,10
5026,5
5027,5
5028,7
5029,10
5030,18
5031,14
5032,3
5033,5
5034,7
5035,6
5036,0
5037,8
5038,19
5039,19
5040,18
5041,14
5042,18
5043,11
5044,6
5045,8
5046,19
5047,5
5048,13
5049,16
5050,1
5051,10
5052,17
5053,16
5054,6
5055,14
5056,8
5057,18
5058,0
5059,5
5060,2
5061,15
5062,11
5063,13
5064,5
5065,11
5066,13
5067,13
5068,5
5069,7
5070,4
5071,18
5072,8
5073,7
5074,6
5075,1
5076,5
5077,5
5078,6
5079,0
5080,17
5081,2
5082,5
5083,7
5084,10
5085,1
5086,2
5087,16
5088,17
5089,1
5090,0
5091,18
5092,0
5093,7
5094,11
5095,10
5096,2
5097,2
5098,2
5099,13
5100,11
5101,16
5102,2
5103,10
5104,4
5105,16
5106,6
5107,17
5108,0
5109,11
5110,17
5111,6
5112,8
5113,5
5114,10
5115,0
5116,8
5117,10
5118,8
5119,5
5120,17
5121,16
5122,10
5123,9
5124,3
5125,2
5126,1
5127,16
5128,14
5129,11
5130,3
5131,9
5132,16
5133,4
5134,14
5135,9
5136,4
5137,17
5138,4
5139,2
5140,0
5141,9
5142,12
5143,8
5144,18
5145,2
5146,2
5147,18
5148,8
5149,3
5150,13
5151,5
5152,0
5153,15
5154,16
5155,6
5156,15
5157,4
5158,13
5159,2
5160,7
5161,4
5162,18
5163,4
5164,6
5165,17
5166,18
5167,4
5168,7
5169,7
5170,9
5171,1
5172,6
5173,5
5174,0
5175,1
5176,0
5177,8
5178,10
5179,4
5180,14
5181,18
5182,7
5183,3
5184,9
5185,17
5186,13
5187,15
5188,7
5189,16
5190,11
5191,17
5192,3
5193,13
5194,10
5195,0
5196,11
5197,13
5198,0
5199,17
5200,14
5201,8
5202,17
5203,12
5204,5
5205,12
5206,3
5207,4
5208,2
5209,16
5210,16
5211,15
5212,1
5213,0
5214,9
5215,0
5216,14
5217,9
5218,11
5219,11
5220,19
5221,6
5222,5
5223,17
5224,15
5225,6
5226,5
5227,3
5228,4
5229,10
5230,2
5231,0
5232,9
5233,13
5234,12
5235,8
5236,13
5237,16
5238,4
5239,1
5240,10
5241,9
5242,15
5243,12
5244,16
5245,13
5246,18
5247,17
5248,11
5249,16
5250,18
5251,9
5252,3
5253,0
5254,10
5255,14
5256,4
5257,9
5258,19
5259,16
5260,12
5261,4
5262,3
5263,5
5264,5
5265,12
5266,0
5267,4
5268,4
5269,5
5270,1
5271,7
5272,14
5273,8
5274,10
5275,3
5276,1
5277,5
5278,14
5279,1
5280,9
5281,6
5282,2
5283,14
5284,10
5285,16
5286,15
5287,8
5288,12
5289,9
5290,15
5291,6
5292,17
5293,19
5294,6
5295,18
5296,12
5297,1
5298,0
5299,2
5300,2
5301,6
5302,5
5303,5
5304,12
5305,9
5306,0
5307,12
5308,7
5309,13
5310,16
5311,2
5312,4
5313,11
5314,14
5315,7
5316,18
5317,10
5318,13
5319,17
5320,9
5321,11
5322,11
5323,8
5324,7
5325,1
5326,5
5327,17
5328,17
5329,18
5330,15
5331,8
5332,2
5333,2
5334,13
5335,7
5336,5
5337,5
5338,4
5339,9
5340,13
5341,10
5342,4
5343,11
5344,17
5345,9
5346,2
5347,10
5348,8
5349,0
5350,12
5351,9
5352,19
5353,17
5354,0
5355,8
5356,14
5357,10
5358,17
5359,6
5360,10
5361,11
5362,14
5363,12
5364,12
5365,2
5366,16
5367,3
5368,3
5369,18
5370,13
5371,11
5372,2
5373,1
5374,0
5375,2
5376,2
5377,7
5378,12
5379,16
5380,2
5381,4
5382,15
5383,14
5384,10
5385,10
5386,6
5387,9
5388,9
5389,7
5390,2
5391,15
5392,7
5393,3
5394,6
5395,0
5396,18
5397,8
5398,5
5399,19
5400,13
5401,11
5402,18
5403,13
5404,15
5405,7
5406,7
5407,18
5408,17
5409,9
5410,0
5411,3
5412,16
5413,18
5414,5
5415,17
5416,2
5417,9
5418,13
5419,10
5420,9
5421,3
5422,1
5423,0
5424,18
5425,18
5426,17
5427,13
5428,19
5429,18
5430,2
5431,11
5432,12
5433,11
5434,13
5435,10
5436,14
5437,14
5438,6
5439,12
5440,12
5441,7
5442,8
5443,10
5444,2
5445,13
5446,19
5447,1
5448,17
5449,5
5450,10
5451,7
5452,6
5453,1
5454,4
5455,11
5456,4
5457,2
5458,0
5459,5
5460,1
5461,9
5462,16
5463,11
5464,17
5465,6
5466,12
5467,1
5468,7
5469,14
5470,18
5471,12
5472,7
5473,13
5474,9
5475,3
5476,5
5477,11
5478,0
5479,15
5480,18
5481,17
5482,5
5483,1
5484,17
5485,15
5486,9
5487,10
5488,0
5489,12
5490,14
5491,3
5492,19
5493,11
5494,2
5495,8
5496,5
5497,9
5498,4
5499,13
5500,13
5501,6
5502,8
5503,16
5504,11
5505,15
5506,3
5507,10
5508,10
5509,6
5510,6
5511,17
5512,12
5513,17
5514,15
5515,18
5516,1
5517,5
5518,0
5519,17
5520,4
5521,6
5522,17
5523,15
5524,6
5525,13
5526,4
5527,19
5528,16
5529,17
5530,17
5531,4
5532,5
5533,16
5534,5
5535,9
5536,7
5537,9
5538,18
5539,15
5540,12
5541,12
5542,15
5543,11
5544,13
5545,14
5546,6
5547,2
5548,5
5549,13
5550,2
5551,14
5552,16
5553,10
5554,13
5555,8
5556,18
5557,19
5558,6
5559,17
5560,13
5561,12
5562,11
5563,3
5564,5
5565,8
5566,2
5567,14
5568,14
5569,8
5570,5
5571,17
5572,16
5573,1
5574,18
5575,8
5576,9
5577,16
5578,7
5579,5
5580,12
5581,0
5582,6
5583,8
5584,19
5585,18
5586,15
5587,7
5588,10
5589,12
5590,16
5591,12
5592,5
5593,13
5594,16
5595,4
5596,6
5597,0
5598,17
5599,19
5600,18
5601,14
5602,15
5603,3
5604,0
5605,16
5606,7
5607,17
5608,14
5609,5
5610,19
5611,3
5612,1
5613,15
5614,12
5615,1
5616,2
5617,16
5618,9
5619,19
5620,17
5621,12
5622,8
5623,1
5624,11
5625,11
5626,9
5627,5
5628,0
5629,5
5630,8
5631,8
5632,12
5633,13
5634,1
5635,15
5636,10
5637,16
5638,1
5639,8
5640,2
5641,4
5642,2
5643,12
5644,10
5645,16
5646,8
5647,17
5648,1
5649,12
5650,10
5651,8
5652,6
5653,10
5654,1
5655,9
5656,5
5657,15
5658,7
5659,9
5660,7
5661,2
5662,7
5663,3
5664,2
5665,0
5666,13
5667,11
5668,8
5669,16
5670,14
5671,6
5672,4
5673,18
5674,8
5675,6
5676,14
5677,10
5678,9
5679,5
5680,4
5681,19
5682,12
5683,5
5684,1
5685,2
5686,18
5687,18
5688,14
5689,12
5690,13
5691,15
5692,8
5693,6
5694,5
5695,13
5696,17
5697,15
5698,7
5699,6
5700,17
5701,2
5702,13
5703,0
5704,7
5705,6
5706,18
5707,3
5708,12
5709,8
5710,10
5711,13
5712,14
5713,16
5714,15
5715,10
5716,4
5717,16
5718,15
5719,0
5720,19
5721,17
5722,1
5723,4
5724,1
5725,2
5726,11
5727,1
5728,18
5729,16
5730,15
5731,4
5732,8
5733,11
5734,17
5735,7
5736,3
5737,13
5738,2
5739,10
5740,5
5741,6
5742,7
5743,12
5744,11
5745,6
5746,1
5747,17
5748,17
5749,2
5750,4
5751,18
5752,10
5753,2
5754,0
5755,8
5756,8
5757,2
5758,9
5759,6
5760,16
5761,17
5762,0
5763,5
5764,10
5765,3
5766,7
5767,1
5768,8
5769,4
5770,13
5771,18
5772,6
5773,15
5774,3
5775,11
5776,13
5777,17
5778,8
5779,11
5780,16
5781,17
5782,19
5783,11
5784,19
5785,14
5786,1
5787,8
5788,2
5789,9
5790,18
5791,5
5792,2
5793,1
5794,18
5795,16
5796,4
5797,0
5798,13
5799,3
5800,4
5801,19
5802,2
5803,6
5804,1
5805,12
5806,0
5807,19
5808,4
5809,5
5810,16
5811,16
5812,4
5813,11
5814,5
5815,1
5816,15
5817,11
5818,2
5819,16
5820,11
5821,6
5822,14
5823,3
5824,5
5825,12
5826,2
5827,14
5828,7
5829,2
5830,15
5831,8
5832,16
5833,9
5834,0
5835,5
5836,0
5837,2
5838,3
5839,9
5840,15
5841,9
5842,2
5843,11
5844,19
5845,17
5846,10
5847,16
5848,3
5849,5
5850,1
5851,3
5852,5
5853,11
5854,18
5855,12
5856,15
5857,5
5858,9
5859,15
5860,7
5861,17
5862,2
5863,11
5864,12
5865,1
5866,0
5867,5
5868,16
5869,10
5870,19
5871,1
5872,3
5873,10
5874,17
5875,9
5876,16
5877,12
5878,4
5879,19
5880,15
5881,7
5882,12
5883,14
5884,10
5885,13
5886,10
5887,19
5888,18
5889,17
5890,4
5891,12
5892,9
5893,15
5894,0
5895,1
5896,11
5897,0
5898,4
5899,0
5900,1
5901,3
5902,8
5903,11
5904,10
5905,18
5906,13
5907,10
5908,15
5909,7
5910,7
5911,0
5912,8
5913,14
5914,13
5915,3
5916,3
5917,3
5918,10
5919,15
5920,12
5921,8
5922,2
5923,3
5924,14
5925,12
5926,15
5927,8
5928,8
5929,13
5930,9
5931,3
5932,14
5933,6
5934,15
5935,6
5936,19
5937,3
5938,19
5939,7
5940,10
5941,2
5942,1
5943,16
5944,17
5945,14
5946,13
5947,9
5948,6
5949,9
5950,16
5951,2
5952,6
5953,2
5954,18
5955,15
5956,9
5957,10
5958,10
5959,6
5960,13
5961,9
5962,1
5963,5
5964,19
5965,0
5966,11
5967,11
5968,16
5969,12
5970,15
5971,18
5972,17
5973,10
5974,16
5975,15
5976,3
5977,7
5978,13
5979,12
5980,7
5981,14
5982,8
5983,7
5984,13
5985,10
5986,5
5987,1
5988,12
5989,13
5990,11
5991,18
5992,19
5993,9
5994,2
5995,13
5996,16
5997,17
5998,7
5999,4
6000,3
6001,13
6002,4
6003,7
6004,1
6005,3
6006,1
6007,11
6008,19
6009,0
6010,15
6011,13
6012,3
6013,19
6014,7
6015,1
6016,5
6017,18
6018,15
6019,6
6020,12
6021,8
6022,1
6023,10
6024,19
6025,17
6026,15
6027,9
6028,18
6029,0
6030,3
6031,1
6032,16
6033,19
6034,0
6035,4
6036,0
6037,1
6038,13
6039,15
6040,18
6041,13
6042,16
6043,4
6044,7
6045,11
6046,1
6047,8
6048,10
6049,2
6050,11
6051,6
6052,14
6053,5
6054,17
6055,12
6056,12
6057,0
6058,14
6059,18
6060,13
6061,10
6062,14
6063,3
6064,19
6065,10
6066,5
6067,18
6068,10
6069,5
6070,17
6071,8
6072,5
6073,2
6074,17
6075,9
6076,1
6077,16
6078,17
6079,9
6080,17
6081,3
6082,4
6083,2
6084,14
6085,1
6086,14
6087,4
6088,11
6089,12
6090,5
6091,7
6092,16
6093,14
6094,11
6095,14
6096,7
6097,2
6098,6
6099,11
6100,8
6101,7
6102,6
6103,18
6104,3
6105,7
6106,13
6107,2
6108,15
6109,5
6110,14
6111,9
6112,9
6113,14
6114,1
6115,8
6116,1
6117,6
6118,18
6119,0
6120,17
6121,6
6122,3
6123,19
6124,5
6125,14
6126,5
6127,7
6128,17
6129,7
6130,15
6131,11
6132,7
6133,10
6134,16
6135,19
6136,6
6137,7
6138,7
6139,9
6140,13
6141,7
6142,6
6143,1
6144,3
6145,10
6146,4
6147,12
6148,17
6149,7
6150,19
6151,6
6152,7
6153,2
6154,6
6155,14
6156,3
6157,6
6158,18
6159,16
6160,3
6161,7
6162,14
6163,16
6164,11
6165,10
6166,16
6167,17
6168,1
6169,7
6170,9
6171,14
6172,8
6173,7
6174,16
6175,2
6176,6
6177,0
6178,7
6179,4
6180,16
6181,12
6182,8
6183,16
6184,4
6185,17
6186,10
6187,12
6188,4
6189,0
6190,17
6191,14
6192,14
6193,3
6194,0
6195,1
6196,18
6197,8
6198,3
6199,9
6200,6
6201,14
6202,17
6203,3
6204,8
6205,17
6206,5
6207,13
6208,15
6209,8
6210,13
6211,15
6212,1
6213,2
6214,9
6215,9
6216,4
6217,2
6218,3
6219,1
6220,9
6221,8
6222,14
6223,12
6224,16
6225,11
6226,7
6227,16
6228,15
6229,5
6230,6
6231,9
6232,7
6233,14
6234,17
6235,3
6236,19
6237,14
6238,7
6239,0
6240,11
6241,3
6242,0
6243,13
6244,14
6245,1
6246,7
6247,10
6248,17
6249,12
6250,13
6251,11
6252,2
6253,17
6254,5
6255,18
6256,3
6257,13
6258,4
6259,5
6260,10
6261,18
6262,15
6263,17
6264,16
6265,8
6266,8
6267,16
6268,18
6269,16
6270,12
6271,2
6272,18
6273,13
6274,6
6275,7
6276,7
6277,18
6278,17
6279,12
6280,6
6281,16
6282,11
6283,19
6284,16
6285,2
6286,0
6287,18
6288,8
6289,13
6290,0
6291,8
6292,19
6293,10
6294,6
6295,0
6296,1
6297,10
6298,18
6299,11
6300,15
6301,12
6302,17
6303,1
6304,15
6305,14
6306,14
6307,18
6308,13
6309,4
6310,17
6311,8
6312,8
6313,6
6314,3
6315,13
6316,6
6317,14
6318,5
6319,15
6320,17
6321,16
6322,4
6323,4
6324,11
6325,1
6326,17
6327,6
6328,17
6329,11
6330,17
6331,2
6332,0
6333,6
6334,4
6335,2
6336,19
6337,8
6338,16
6339,3
6340,3
6341,17
6342,14
6343,10
6344,13
6345,1
6346,11
6347,14
6348,16
6349,2
6350,12
6351,15
6352,13
6353,1
6354,18
6355,0
6356,15
6357,5
6358,0
6359,17
6360,16
6361,15
6362,2
6363,13
6364,16
6365,18
6366,13
6367,7
6368,17
6369,6
6370,11
6371,9
6372,10
6373,13
6374,1
6375,19
6376,16
6377,6
6378,0
6379,12
6380,19
6381,11
6382,18
6383,12
6384,14
6385,18
6386,15
6387,19
6388,1
6389,15
6390,10
6391,8
6392,17
6393,14
6394,9
6395,9
6396,10
6397,14
6398,13
6399,7
6400,3
6401,16
6402,19
6403,4
6404,0
6405,11
6406,8
6407,0
6408,19
6409,7
6410,6
6411,9
6412,7
6413,4
6414,11
6415,17
6416,14
6417,9
6418,5
6419,0
6420,12
6421,10
6422,15
6423,3
6424,3
6425,15
6426,6
6427,16
6428,16
6429,4
6430,16
6431,0
6432,0
6433,1
6434,2
6435,2
6436,0
6437,5
6438,9
6439,8
6440,2
6441,6
6442,10
6443,6
6444,15
6445,5
6446,3
6447,10
6448,16
6449,1
6450,14
6451,11
6452,18
6453,8
6454,9
6455,2
6456,4
6457,19
6458,4
6459,10
6460,11
6461,8
6462,0
6463,12
6464,11
6465,7
6466,7
6467,15
6468,7
6469,3
6470,14
6471,0
6472,7
6473,13
6474,9
6475,9
6476,17
6477,4
6478,15
6479,4
6480,16
6481,17
6482,14
6483,6
6484,8
6485,18
6486,14
6487,8
6488,15
6489,2
6490,18
6491,7
6492,6
6493,0
6494,17
6495,16
6496,3
6497,15
6498,13
6499,3
6500,5
6501,15
6502,1
6503,19
6504,17
6505,5
6506,16
6507,9
6508,3
6509,13
6510,5
6511,18
6512,6
6513,1
6514,5
6515,6
6516,2
6517,3
6518,17
6519,8
6520,9
6521,0
6522,11
6523,7
6524,18
6525,17
6526,16
6527,7
6528,9
6529,0
6530,9
6531,5
6532,1
6533,17
6534,11
6535,17
6536,0
6537,11
6538,18
6539,11
6540,13
6541,3
6542,10
6543,3
6544,14
6545,8
6546,15
6547,6
6548,17
6549,11
6550,12
6551,18
6552,8
6553,0
6554,2
6555,14
6556,14
6557,0
6558,3
6559,1
6560,7
6561,11
6562,19
6563,3
6564,12
6565,9
6566,5
6567,2
6568,3
6569,17
6570,9
6571,4
6572,15
6573,13
6574,13
6575,14
6576,2
6577,9
6578,12
6579,3
6580,6
6581,14
6582,11
6583,1
6584,3
6585,18
6586,12
6587,5
6588,13
6589,5
6590,7
6591,14
6592,4
6593,13
6594,8
6595,13
6596,11
6597,12
6598,7
6599,12
6600,12
6601,18
6602,15
6603,9
6604,17
6605,5
6606,17
6607,10
6608,11
6609,11
6610,15
6611,2
6612,0
6613,7
6614,7
6615,13
6616,15
6617,8
6618,4
6619,1
6620,3
6621,12
6622,2
6623,1
6624,17
6625,3
6626,15
6627,16
6628,9
6629,16
6630,14
6631,11
6632,15
6633,18
6634,12
6635,3
6636,18
6637,0
6638,17
6639,13
6640,6
6641,1
6642,6
6643,1
6644,13
6645,2
6646,0
6647,0
6648,18
6649,14
6650,9
6651,18
6652,4
6653,18
6654,13
6655,12
6656,16
6657,15
6658,7
6659,12
6660,3
6661,15
6662,13
6663,6
6664,11
6665,2
6666,18
6667,3
6668,15
6669,13
6670,1
6671,7
6672,0
6673,2
6674,10
6675,19
6676,6
6677,10
6678,8
6679,11
6680,7
6681,16
6682,0
6683,1
6684,8
6685,14
6686,9
6687,10
6688,7
6689,12
6690,16
6691,12
6692,7
6693,13
6694,13
6695,12
6696,6
6697,16
6698,9
6699,13
6700,19
6701,19
6702,6
6703,2
6704,3
6705,14
6706,8
6707,6
6708,11
6709,14
6710,3
6711,17
6712,12
6713,13
6714,19
6715,11
6716,14
6717,9
6718,3
6719,8
6720,7
6721,15
6722,12
6723,0
6724,5
6725,14
6726,14
6727,1
6728,12
6729,1
6730,10
6731,12
6732,8
6733,18
6734,0
6735,10
6736,5
6737,18
6738,18
6739,6
6740,18
6741,8
6742,17
6743,4
6744,4
6745,5
6746,19
6747,13
6748,3
6749,9
6750,5
6751,7
6752,3
6753,8
6754,15
6755,14
6756,12
6757,12
6758,11
6759,8
6760,9
6761,11
6762,5
6763,15
6764,15
6765,4
6766,6
6767,4
6768,2
6769,19
6770,5
6771,19
6772,4
6773,9
6774,2
6775,13
6776,5
6777,12
6778,13
6779,15
6780,11
6781,19
6782,9
6783,5
6784,8
6785,8
6786,1
6787,10
6788,0
6789,0
6790,7
6791,11
6792,7
6793,2
6794,7
6795,0
6796,0
6797,7
6798,0
6799,7
6800,6
6801,14
6802,4
6803,11
6804,9
6805,5
6806,12
6807,2
6808,17
6809,13
6810,4
6811,9
6812,9
6813,8
6814,16
6815,17
6816,15
6817,9
6818,11
6819,7
6820,6
6821,11
6822,2
6823,12
6824,1
6825,2
6826,1
6827,17
6828,0
6829,7
6830,12
6831,9
6832,0
6833,0
6834,1
6835,7
6836,13
6837,9
6838,1
6839,9
6840,6
6841,17
6842,4
6843,3
6844,7
6845,6
6846,3
6847,10
6848,3
6849,12
6850,1
6851,4
6852,15
6853,14
6854,2
6855,10
6856,5
6857,10
6858,13
6859,8
6860,8
6861,10
6862,5
6863,17
6864,16
6865,15
6866,14
6867,0
6868,13
6869,11
6870,6
6871,12
6872,0
6873,19
6874,18
6875,16
6876,9
6877,14
6878,7
6879,1
6880,19
6881,3
6882,17
6883,8
6884,16
6885,12
6886,8
6887,17
6888,15
6889,7
6890,18
6891,9
6892,3
6893,0
6894,4
6895,2
6896,2
6897,1
6898,6
6899,1
6900,15
6901,8
6902,6
6903,7
6904,3
6905,11
6906,6
6907,15
6908,10
6909,5
6910,5
6911,4
6912,7
6913,6
6914,17
6915,1
6916,7
6917,9
6918,18
6919,9
6920,19
6921,12
6922,14
6923,12
6924,11
6925,4
6926,14
6927,3
6928,1
6929,3
6930,2
6931,11
6932,14
6933,5
6934,1
6935,3
6936,15
6937,16
6938,13
6939,2
6940,10
6941,7
6942,6
6943,5
6944,11
6945,16
6946,1
6947,4
6948,0
6949,18
6950,1
6951,6
6952,11
6953,3
6954,19
6955,3
6956,15
6957,0
6958,9
6959,8
6960,3
6961,5
6962,12
6963,2
6964,3
6965,9
6966,11
6967,2
6968,1
6969,16
6970,15
6971,10
6972,18
6973,14
6974,14
6975,17
6976,15
6977,7
6978,18
6979,15
6980,7
6981,18
6982,13
6983,0
6984,0
6985,8
6986,11
6987,12
6988,19
6989,3
6990,9
6991,4
6992,5
6993,0
6994,6
6995,8
6996,16
6997,3
6998,14
6999,14
7000,11
7001,15
7002,14
7003,19
7004,12
7005,4
7006,10
7007,12
7008,16
7009,3
7010,16
7011,13
7012,10
7013,13
7014,5
7015,18
7016,13
7017,13
7018,19
7019,8
7020,17
7021,17
7022,14
7023,11
7024,12
7025,7
7026,5
7027,12
7028,17
7029,17
7030,12
7031,16
7032,4
7033,13
7034,11
7035,4
7036,2
7037,18
7038,5
7039,11
7040,2
7041,8
7042,1
7043,9
7044,10
7045,11
7046,2
7047,8
7048,11
7049,13
7050,1
7051,15
7052,8
7053,16
7054,5
7055,0
7056,17
7057,14
7058,12
7059,5
7060,11
7061,7
7062,1
7063,4
7064,4
7065,3
7066,14
7067,14
7068,4
7069,18
7070,4
7071,19
7072,4
7073,3
7074,17
7075,11
7076,2
7077,5
7078,18
7079,15
7080,16
7081,8
7082,19
7083,17
7084,9
7085,7
7086,8
7087,11
7088,11
7089,0
7090,15
7091,14
7092,5
7093,2
7094,11
7095,11
7096,17
7097,8
7098,9
7099,17
7100,17
7101,10
7102,17
7103,15
7104,5
7105,10
7106,5
7107,13
7108,1
7109,9
7110,17
7111,15
7112,11
7113,1
7114,7
7115,11
7116,4
7117,6
7118,5
7119,1
7120,17
7121,11
7122,15
7123,2
7124,0
7125,16
7126,4
7127,13
7128,11
7129,9
7130,0
7131,16
7132,14
7133,8
7134,2
7135,3
7136,14
7137,10
7138,0
7139,13
7140,4
7141,4
7142,4
7143,7
7144,7
7145,11
7146,1
7147,9
7148,12
7149,10
7150,2
7151,9
7152,15
7153,12
7154,15
7155,2
7156,13
7157,13
7158,3
7159,8
7160,7
7161,4
7162,10
7163,1
7164,7
7165,18
7166,2
7167,10
7168,3
7169,4
7170,7
7171,15
7172,6
7173,5
7174,16
7175,9
7176,11
7177,12
7178,18
7179,11
7180,4
7181,0
7182,18
7183,9
7184,10
7185,15
7186,5
7187,12
7188,7
7189,15
7190,12
7191,4
7192,8
7193,17
7194,7
7195,9
7196,19
7197,3
7198,4
7199,10
7200,5
7201,9
7202,15
7203,15
7204,16
7205,18
7206,7
7207,6
7208,5
7209,16
7210,18
7211,6
7212,14
7213,16
7214,1
7215,14
7216,15
7217,16
7218,5
7219,16
7220,12
7221,7
7222,15
7223,8
7224,1
7225,18
7226,15
7227,15
7228,13
7229,17
7230,14
7231,15
7232,9
7233,18
7234,10
7235,12
7236,15
7237,14
7238,8
7239,12
7240,8
7241,14
7242,4
7243,7
7244,18
7245,5
7246,7
7247,9
7248,5
7249,17
7250,9
7251,9
7252,4
7253,13
7254,18
7255,18
7256,0
7257,4
7258,13
7259,10
7260,15
7261,16
7262,4
7263,18
7264,17
7265,9
7266,17
7267,4
7268,5
7269,14
7270,3
7271,4
7272,2
7273,6
7274,17
7275,8
7276,17
7277,1
7278,11
7279,16
7280,17
7281,11
7282,8
7283,9
7284,13
7285,9
7286,7
7287,17
7288,18
7289,13
7290,11
7291,2
7292,14
7293,4
7294,6
7295,3
7296,15
7297,9
7298,4
7299,8
7300,19
7301,1
7302,9
7303,16
7304,8
7305,16
7306,3
7307,3
7308,1
7309,6
7310,4
7311,9
7312,9
7313,7
7314,1
7315,16
7316,1
7317,15
7318,6
7319,10
7320,15
7321,4
7322,3
7323,8
7324,12
7325,3
7326,2
7327,15
7328,1
7329,6
7330,14
7331,19
7332,2
7333,15
7334,11
7335,9
7336,9
7337,2
7338,19
7339,17
7340,18
7341,1
7342,6
7343,16
7344,0
7345,12
7346,1
7347,6
7348,13
7349,18
7350,10
7351,0
7352,8
7353,6
7354,5
7355,15
7356,13
7357,6
7358,15
7359,12
7360,3
7361,13
7362,9
7363,4
7364,18
7365,4
7366,2
7367,3
7368,16
7369,13
7370,11
7371,17
7372,10
7373,5
7374,6
7375,5
7376,4
7377,6
7378,5
7379,3
7380,10
7381,19
7382,4
7383,12
7384,13
7385,13
7386,1
7387,14
7388,6
7389,18
7390,5
7391,18
7392,13
7393,6
7394,15
7395,13
7396,5
7397,3
7398,5
7399,14
7400,16
7401,2
7402,7
7403,17
7404,16
7405,10
7406,4
7407,11
7408,14
7409,4
7410,7
7411,15
7412,10
7413,2
7414,19
7415,7
7416,7
7417,4
7418,15
7419,0
7420,13
7421,2
7422,6
7423,8
7424,6
7425,15
7426,10
7427,15
7428,12
7429,13
7430,9
7431,15
7432,13
7433,19
7434,19
7435,13
7436,17
7437,13
7438,4
7439,12
7440,2
7441,1
7442,10
7443,16
7444,13
7445,16
7446,16
7447,11
7448,14
7449,8
7450,0
7451,0
7452,11
7453,3
7454,12
7455,15
7456,10
7457,2
7458,14
7459,3
7460,2
7461,5
7462,19
7463,6
7464,2
7465,14
7466,19
7467,13
7468,17
7469,6
7470,14
7471,2
7472,11
7473,14
7474,18
7475,13
7476,12
7477,17
7478,5
7479,8
7480,1
7481,4
7482,5
7483,11
7484,10
7485,19
7486,15
7487,3
7488,11
7489,5
7490,12
7491,3
7492,1
7493,17
7494,0
7495,5
7496,18
7497,10
7498,5
7499,10
7500,16
7501,11
7502,11
7503,12
7504,0
7505,8
7506,2
7507,2
7508,12
7509,11
7510,3
7511,11
7512,13
7513,8
7514,1
7515,10
7516,9
7517,15
7518,3
7519,2
7520,2
7521,16
7522,18
7523,4
7524,0
7525,11
7526,15
7527,16
7528,19
7529,12
7530,19
7531,14
7532,17
7533,6
7534,14
7535,5
7536,1
7537,5
7538,13
7539,14
7540,17
7541,15
7542,4
7543,15
7544,6
7545,19
7546,15
7547,13
7548,10
7549,16
7550,5
7551,15
7552,9
7553,18
7554,17
7555,18
7556,4
7557,11
7558,18
7559,12
7560,10
7561,13
7562,10
7563,18
7564,17
7565,15
7566,18
7567,9
7568,11
7569,2
7570,13
7571,2
7572,0
7573,15
7574,2
7575,1
7576,6
7577,9
7578,8
7579,5
7580,6
7581,19
7582,16
7583,12
7584,15
7585,19
7586,11
7587,11
7588,7
7589,4
7590,2
7591,14
7592,12
7593,12
7594,18
7595,6
7596,9
7597,11
7598,12
7599,14
7600,4
7601,15
7602,3
7603,8
7604,10
7605,15
7606,13
7607,15
7608,5
7609,5
7610,17
7611,3
7612,5
7613,16
7614,12
7615,12
7616,11
7617,13
7618,5
7619,7
7620,17
7621,0
7622,17
7623,2
7624,10
7625,7
7626,10
7627,16
7628,0
7629,15
7630,6
7631,4
7632,15
7633,16
7634,4
7635,7
7636,9
7637,11
7638,10
7639,13
7640,12
7641,0
7642,5
7643,18
7644,4
7645,3
7646,6
7647,12
7648,6
7649,18
7650,0
7651,13
7652,13
7653,5
7654,15
7655,4
7656,14
7657,7
7658,9
7659,7
7660,12
7661,7
7662,12
7663,2
7664,16
7665,9
7666,9
7667,8
7668,3
7669,10
7670,2
7671,7
7672,7
7673,1
7674,14
7675,13
7676,5
7677,13
7678,9
7679,16
7680,4
7681,11
7682,2
7683,15
7684,1
7685,12
7686,14
7687,0
7688,8
7689,14
7690,3
7691,4
7692,15
7693,10
7694,11
7695,19
7696,11
7697,6
7698,7
7699,10
7700,5
7701,18
7702,7
7703,13
7704,4
7705,15
7706,4
7707,8
7708,15
7709,13
7710,10
7711,7
7712,4
7713,12
7714,13
7715,3
7716,6
7717,10
7718,12
7719,2
7720,0
7721,17
7722,4
7723,17
7724,16
7725,8
7726,2
7727,2
7728,2
7729,0
7730,17
7731,10
7732,17
7733,7
7734,9
7735,19
7736,4
7737,10
7738,11
7739,8
7740,19
7741,18
7742,8
7743,12
7744,16
7745,14
7746,14
7747,1
7748,5
7749,0
7750,12
7751,6
7752,8
7753,11
7754,0
7755,17
7756,11
7757,17
7758,10
7759,8
7760,12
7761,16
7762,6
7763,1
7764,12
7765,13
7766,7
7767,2
7768,4
7769,5
7770,3
7771,15
7772,11
7773,7
7774,12
7775,16
7776,2
7777,8
7778,5
7779,7
7780,1
7781,7
7782,11
7783,9
7784,19
7785,0
7786,15
7787,16
7788,10
7789,17
7790,19
7791,1
7792,2
7793,10
7794,3
7795,16
7796,15
7797,8
7798,10
7799,19
7800,11
7801,14
7802,18
7803,15
7804,14
7805,3
7806,5
7807,10
7808,8
7809,2
7810,17
7811,9
7812,3
7813,9
7814,1
7815,12
7816,10
7817,7
7818,3
7819,7
7820,14
7821,3
7822,5
7823,3
7824,9
7825,7
7826,3
7827,1
7828,10
7829,14
7830,7
7831,9
7832,1
7833,5
7834,17
7835,2
7836,3
7837,9
7838,1
7839,5
7840,7
7841,18
7842,5
7843,1
7844,17
7845,1
7846,2
7847,1
7848,11
7849,12
7850,3
7851,14
7852,11
7853,14
7854,12
7855,2
7856,2
7857,15
7858,16
7859,10
7860,3
7861,5
7862,13
7863,9
7864,1
7865,14
7866,15
7867,2
7868,15
7869,4
7870,17
7871,2
7872,14
7873,13
7874,10
7875,17
7876,10
7877,13
7878,3
7879,6
7880,5
7881,6
7882,0
7883,11
7884,6
7885,9
7886,1
7887,9
7888,12
7889,10
7890,19
7891,3
7892,8
7893,7
7894,4
7895,9
7896,19
7897,10
7898,11
7899,1
7900,1
7901,15
7902,1
7903,17
7904,8
7905,4
7906,5
7907,18
7908,12
7909,16
7910,10
7911,5
7912,19
7913,12
7914,9
7915,5
7916,17
7917,3
7918,0
7919,12
7920,11
7921,16
7922,1
7923,5
7924,3
7925,1
7926,14
7927,5
7928,13
7929,7
7930,9
7931,8
7932,15
7933,13
7934,8
7935,17
7936,13
7937,15
7938,15
7939,8
7940,14
7941,16
7942,9
7943,0
7944,7
7945,0
7946,18
7947,17
7948,9
7949,11
7950,18
7951,3
7952,8
7953,14
7954,8
7955,5
7956,4
7957,14
7958,14
7959,7
7960,18
7961,11
7962,6
7963,0
7964,4
7965,7
7966,2
7967,16
7968,5
7969,12
7970,12
7971,17
7972,4
7973,6
7974,0
7975,13
7976,17
7977,11
7978,8
7979,1
7980,16
7981,4
7982,13
7983,2
7984,0
7985,9
7986,0
7987,15
7988,11
7989,7
7990,6
7991,6
7992,18
7993,2
7994,14
7995,8
7996,11
7997,14
7998,18
7999,1
8000,1
8001,19
8002,10
8003,16
8004,8
8005,16
8006,2
8007,13
8008,8
8009,8
8010,3
8011,2
8012,11
8013,7
8014,18
8015,5
8016,17
8017,14
8018,1
8019,6
8020,18
8021,3
8022,17
8023,4
8024,12
8025,6
8026,5
8027,1
8028,17
8029,11
8030,18
8031,6
8032,10
8033,13
8034,13
8035,11
8036,0
8037,0
8038,2
8039,12
8040,12
8041,13
8042,19
8043,5
8044,0
8045,18
8046,13
8047,4
8048,2
8049,18
8050,6
8051,15
8052,9
8053,12
8054,4
8055,6
8056,14
8057,7
8058,7
8059,7
8060,7
8061,14
8062,15
8063,8
8064,6
8065,15
8066,5
8067,1
8068,12
8069,11
8070,7
8071,1
8072,2
8073,17
8074,12
8075,10
8076,19
8077,19
8078,13
8079,14
8080,16
8081,10
8082,5
8083,5
8084,12
8085,4
8086,18
8087,2
8088,19
8089,10
8090,4
8091,19
8092,8
8093,7
8094,15
8095,17
8096,4
8097,14
8098,12
8099,8
8100,3
8101,4
8102,0
8103,3
8104,6
8105,15
8106,2
8107,12
8108,5
8109,6
8110,4
8111,6
8112,2
8113,3
8114,8
8115,9
8116,15
8117,4
8118,1
8119,17
8120,15
8121,3
8122,5
8123,10
8124,13
8125,3
8126,2
8127,14
8128,11
8129,15
8130,6
8131,5
8132,6
8133,14
8134,6
8135,2
8136,6
8137,12
8138,8
8139,7
8140,17
8141,19
8142,16
8143,1
8144,17
8145,13
8146,12
8147,5
8148,18
8149,6
8150,10
8151,3
8152,0
8153,3
8154,10
8155,14
8156,4
8157,15
8158,5
8159,13
8160,16
8161,12
8162,2
8163,1
8164,17
8165,4
8166,2
8167,2
8168,0
8169,12
8170,8
8171,17
8172,16
8173,10
8174,15
8175,16
8176,14
8177,10
8178,2
8179,15
8180,5
8181,8
8182,8
8183,11
8184,18
8185,9
8186,2
8187,4
8188,9
8189,12
8190,14
8191,4
8192,17
8193,6
8194,3
8195,18
8196,15
8197,12
8198,2
8199,15
8200,6
8201,9
8202,16
8203,17
8204,0
8205,2
8206,1
8207,7
8208,17
8209,1
8210,12
8211,9
8212,14
8213,5
8214,1
8215,17
8216,9
8217,7
8218,15
8219,3
8220,18
8221,7
8222,4
8223,14
8224,15
8225,15
8226,7
8227,2
8228,9
8229,11
8230,16
8231,16
8232,8
8233,15
8234,4
8235,13
8236,11
8237,14
8238,4
8239,8
8240,15
8241,3
8242,12
8243,9
8244,11
8245,13
8246,19
8247,10
8248,7
8249,3
8250,17
8251,0
8252,5
8253,7
8254,15
8255,17
8256,9
8257,6
8258,8
8259,4
8260,18
8261,9
8262,16
8263,13
8264,3
8265,4
8266,16
8267,10
8268,1
8269,11
8270,19
8271,5
8272,3
8273,16
8274,3
8275,13
8276,15
8277,2
8278,0
8279,12
8280,4
8281,17
8282,0
8283,13
8284,2
8285,1
8286,16
8287,14
8288,19
8289,6
8290,11
8291,2
8292,2
8293,6
8294,8
8295,0
8296,12
8297,11
8298,19
8299,14
8300,14
8301,7
8302,17
8303,1
8304,2
8305,10
8306,12
8307,5
8308,1
8309,3
8310,4
8311,11
8312,9
8313,13
8314,15
8315,1
8316,4
8317,16
8318,3
8319,8
8320,4
8321,14
8322,5
8323,3
8324,15
8325,1
8326,1
8327,11
8328,17
8329,12
8330,17
8331,2
8332,11
8333,4
8334,1
8335,1
8336,2
8337,18
8338,17
8339,8
8340,11
8341,16
8342,6
8343,7
8344,4
8345,7
8346,0
8347,10
8348,9
8349,14
8350,10
8351,2
8352,0
8353,12
8354,4
8355,14
8356,17
8357,3
8358,10
8359,2
8360,13
8361,16
8362,1
8363,12
8364,11
8365,9
8366,19
8367,2
8368,11
8369,1
8370,9
8371,3
8372,18
8373,4
8374,12
8375,15
8376,8
8377,1
8378,4
8379,10
8380,1
8381,6
8382,7
8383,19
8384,18
8385,1
8386,14
8387,1
8388,2
8389,2
8390,13
8391,3
8392,10
8393,10
8394,1
8395,11
8396,12
8397,14
8398,10
8399,8
8400,7
8401,16
8402,9
8403,5
8404,3
8405,7
8406,18
8407,7
8408,10
8409,10
8410,4
8411,9
8412,5
8413,3
8414,3
8415,9
8416,11
8417,6
8418,16
8419,17
8420,6
8421,0
8422,3
8423,12
8424,13
8425,1
8426,5
8427,0
8428,4
8429,7
8430,19
8431,5
8432,4
8433,19
8434,8
8435,15
8436,19
8437,2
8438,13
8439,12
8440,0
8441,18
8442,8
8443,15
8444,15
8445,3
8446,13
8447,6
8448,0
8449,11
8450,19
8451,7
8452,19
8453,8
8454,3
8455,8
8456,12
8457,5
8458,3
8459,12
8460,4
8461,17
8462,16
8463,9
8464,12
8465,1
8466,16
8467,4
8468,5
8469,0
8470,14
8471,0
8472,8
8473,7
8474,10
8475,15
8476,18
8477,6
8478,15
8479,7
8480,10
8481,17
8482,15
8483,6
8484,8
8485,5
8486,13
8487,18
8488,9
8489,9
8490,7
8491,6
8492,9
8493,16
8494,12
8495,12
8496,13
8497,5
8498,17
8499,19
8500,8
8501,5
8502,19
8503,14
8504,16
8505,15
8506,0
8507,12
8508,9
8509,8
8510,13
8511,5
8512,6
8513,17
8514,4
8515,2
8516,0
8517,8
8518,13
8519,19
8520,13
8521,2
8522,18
8523,9
8524,18
8525,18
8526,11
8527,10
8528,7
8529,10
8530,14
8531,18
8532,2
8533,4
8534,6
8535,14
8536,18
8537,8
8538,19
8539,9
8540,2
8541,11
8542,13
8543,17
8544,15
8545,3
8546,4
8547,10
8548,17
8549,6
8550,15
8551,10
8552,2
8553,4
8554,6
8555,15
8556,5
8557,16
8558,14
8559,1
8560,7
8561,5
8562,7
8563,14
8564,15
8565,17
8566,17
8567,5
8568,14
8569,16
8570,9
8571,11
8572,6
8573,5
8574,4
8575,7
8576,5
8577,6
8578,11
8579,7
8580,13
8581,13
8582,18
8583,6
8584,11
8585,19
8586,5
8587,0
8588,14
8589,17
8590,14
8591,0
8592,5
8593,3
8594,0
8595,12
8596,6
8597,1
8598,3
8599,10
8600,19
8601,12
8602,17
8603,6
8604,16
8605,12
8606,3
8607,2
8608,5
8609,18
8610,7
8611,0
8612,8
8613,10
8614,5
8615,6
8616,1
8617,18
8618,13
8619,2
8620,7
8621,5
8622,13
8623,18
8624,16
8625,16
8626,17
8627,1
8628,5
8629,1
8630,8
8631,18
8632,3
8633,7
8634,1
8635,15
8636,18
8637,13
8638,6
8639,3
8640,15
8641,17
8642,7
8643,0
8644,8
8645,0
8646,4
8647,4
8648,10
8649,15
8650,17
8651,10
8652,14
8653,13
8654,0
8655,17
8656,5
8657,14
8658,6
8659,8
8660,7
8661,9
8662,17
8663,2
8664,1
8665,11
8666,1
8667,12
8668,1
8669,14
8670,7
8671,5
8672,2
8673,16
8674,4
8675,19
8676,14
8677,5
8678,5
8679,4
8680,2
8681,16
8682,9
8683,0
8684,6
8685,12
8686,3
8687,14
8688,13
8689,0
8690,16
8691,14
8692,15
8693,10
8694,3
8695,2
8696,10
8697,10
8698,1
8699,8
8700,9
8701,3
8702,10
8703,11
8704,11
8705,17
8706,14
8707,13
8708,0
8709,12
8710,18
8711,14
8712,12
8713,16
8714,0
8715,8
8716,6
8717,8
8718,14
8719,4
8720,19
8721,11
8722,1
8723,14
8724,3
8725,0
8726,16
8727,4
8728,11
8729,9
8730,12
8731,6
8732,12
8733,13
8734,17
8735,9
8736,7
8737,3
8738,8
8739,1
8740,10
8741,3
8742,11
8743,7
8744,0
8745,19
8746,11
8747,14
8748,16
8749,15
8750,18
8751,5
8752,5
8753,6
8754,9
8755,5
8756,2
8757,0
8758,4
8759,7
8760,16
8761,0
8762,2
8763,0
8764,7
8765,13
8766,1
8767,14
8768,10
8769,10
8770,18
8771,2
8772,7
8773,0
8774,14
8775,8
8776,17
8777,2
8778,15
8779,6
8780,4
8781,4
8782,18
8783,13
8784,17
8785,12
8786,4
8787,1
8788,13
8789,3
8790,1
8791,7
8792,5
8793,3
8794,17
8795,13
8796,7
8797,11
8798,19
8799,12
8800,13
8801,13
8802,8
8803,3
8804,10
8805,4
8806,0
8807,11
8808,6
8809,1
8810,4
8811,5
8812,14
8813,1
8814,10
8815,5
8816,1
8817,14
8818,16
8819,15
8820,13
8821,8
8822,14
8823,2
8824,10
8825,5
8826,9
8827,11
8828,5
8829,10
8830,7
8831,18
8832,18
8833,5
8834,4
8835,16
8836,16
8837,11
8838,9
8839,8
8840,11
8841,16
8842,9
8843,8
8844,15
8845,9
8846,10
8847,8
8848,3
8849,6
8850,0
8851,10
8852,14
8853,19
8854,18
8855,2
8856,3
8857,4
8858,5
8859,13
8860,9
8861,6
8862,1
8863,1
8864,17
8865,2
8866,17
8867,12
8868,1
8869,8
8870,10
8871,6
8872,10
8873,15
8874,2
8875,9
8876,5
8877,10
8878,5
8879,0
8880,9
8881,17
8882,6
8883,12
8884,1
8885,12
8886,4
8887,10
8888,6
8889,16
8890,15
8891,3
8892,9
8893,0
8894,1
8895,10
8896,10
8897,14
8898,14
8899,19
8900,14
8901,4
8902,5
8903,18
8904,19
8905,15
8906,6
8907,7
8908,9
8909,12
8910,3
8911,13
8912,18
8913,12
8914,1
8915,5
8916,5
8917,19
8918,6
8919,4
8920,12
8921,2
8922,12
8923,12
8924,5
8925,19
8926,10
8927,9
8928,13
8929,5
8930,5
8931,2
8932,16
8933,12
8934,9
8935,12
8936,16
8937,7
8938,5
8939,13
8940,3
8941,17
8942,8
8943,18
8944,6
8945,1
8946,17
8947,3
8948,1
8949,2
8950,5
8951,11
8952,4
8953,10
8954,19
8955,7
8956,2
8957,4
8958,3
8959,2
8960,6
8961,13
8962,7
8963,0
8964,10
8965,14
8966,4
8967,16
8968,10
8969,6
8970,16
8971,8
8972,12
8973,9
8974,1
8975,11
8976,14
8977,19
8978,2
8979,15
8980,13
8981,6
8982,10
8983,12
8984,15
8985,2
8986,8
8987,13
8988,9
8989,1
8990,1
8991,15
8992,15
8993,4
8994,2
8995,3
8996,6
8997,11
8998,4
8999,5
9000,3
9001,10
9002,8
9003,3
9004,0
9005,9
9006,6
9007,3
9008,0
9009,1
9010,13
9011,10
9012,7
9013,14
9014,13
9015,6
9016,6
9017,6
9018,13
9019,8
9020,6
9021,5
9022,5
9023,6
9024,2
9025,5
9026,11
9027,10
9028,3
9029,4
9030,3
9031,17
9032,19
9033,18
9034,12
9035,5
9036,11
9037,15
9038,3
9039,13
9040,13
9041,10
9042,17
9043,9
9044,8
9045,5
9046,4
9047,18
9048,13
9049,18
9050,18
9051,8
9052,5
9053,17
9054,1
9055,7
9056,7
9057,6
9058,17
9059,19
9060,2
9061,3
9062,3
9063,5
9064,5
9065,6
9066,10
9067,14
9068,9
9069,17
9070,8
9071,4
9072,11
9073,14
9074,10
9075,2
9076,7
9077,18
9078,7
9079,13
9080,12
9081,8
9082,6
9083,4
9084,16
9085,15
9086,15
9087,5
9088,11
9089,5
9090,5
9091,10
9092,16
9093,13
9094,4
9095,13
9096,0
9097,11
9098,1
9099,10
9100,17
9101,0
9102,3
9103,6
9104,10
9105,15
9106,19
9107,1
9108,6
9109,19
9110,17
9111,11
9112,4
9113,3
9114,5
9115,12
9116,14
9117,12
9118,8
9119,11
9120,17
9121,19
9122,18
9123,16
9124,14
9125,15
9126,15
9127,16
9128,10
9129,1
9130,5
9131,16
9132,16
9133,19
9134,10
9135,14
9136,18
9137,6
9138,14
9139,13
9140,0
9141,3
9142,5
9143,8
9144,2
9145,2
9146,7
9147,9
9148,9
9149,4
9150,3
9151,16
9152,12
9153,2
9154,8
9155,8
9156,10
9157,17
9158,15
9159,9
9160,7
9161,8
9162,16
9163,11
9164,14
9165,18
9166,14
9167,1
9168,4
9169,18
9170,9
9171,5
9172,14
9173,8
9174,12
9175,15
9176,5
9177,4
9178,11
9179,17
9180,18
9181,5
9182,5
9183,16
9184,5
9185,17
9186,17
9187,11
9188,15
9189,15
9190,15
9191,8
9192,1
9193,5
9194,5
9195,11
9196,14
9197,7
9198,11
9199,6
9200,11
9201,6
9202,13
9203,10
9204,19
9205,4
9206,2
9207,15
9208,17
9209,13
9210,17
9211,1
9212,3
9213,11
9214,16
9215,1
9216,8
9217,13
9218,9
9219,12
9220,13
9221,0
9222,18
9223,18
9224,19
9225,7
9226,5
9227,0
9228,4
9229,6
9230,13
9231,15
9232,6
9233,12
9234,14
9235,4
9236,3
9237,17
9238,14
9239,3
9240,16
9241,9
9242,2
9243,2
9244,11
9245,6
9246,12
9247,11
9248,7
9249,17
9250,7
9251,5
9252,11
9253,4
9254,15
9255,7
9256,17
9257,16
9258,6
9259,13
9260,8
9261,14
9262,17
9263,12
9264,0
9265,8
9266,9
9267,11
9268,0
9269,17
9270,14
9271,7
9272,12
9273,9
9274,0
9275,13
9276,12
9277,14
9278,3
9279,6
9280,0
9281,10
9282,8
9283,16
9284,6
9285,3
9286,8
9287,13
9288,7
9289,9
9290,10
9291,5
9292,6
9293,17
9294,11
9295,9
9296,11
9297,9
9298,8
9299,5
9300,7
9301,5
9302,7
9303,3
9304,8
9305,4
9306,5
9307,12
9308,9
9309,9
9310,10
9311,5
9312,13
9313,1
9314,14
9315,3
9316,3
9317,8
9318,3
9319,6
9320,7
9321,5
9322,0
9323,2
9324,0
9325,11
9326,14
9327,5
9328,17
9329,1
9330,16
9331,13
9332,10
9333,2
9334,15
9335,11
9336,10
9337,2
9338,2
9339,16
9340,13
9341,8
9342,8
9343,2
9344,7
9345,1
9346,11
9347,9
9348,16
9349,2
9350,5
9351,1
9352,0
9353,14
9354,6
9355,9
9356,0
9357,14
9358,12
9359,13
9360,15
9361,9
9362,1
9363,2
9364,12
9365,1
9366,7
9367,13
9368,19
9369,18
9370,12
9371,1
9372,10
9373,15
9374,8
9375,10
9376,0
9377,5
9378,14
9379,18
9380,4
9381,4
9382,16
9383,1
9384,15
9385,11
9386,14
9387,13
9388,2
9389,10
9390,14
9391,19
9392,11
9393,4
9394,0
9395,8
9396,8
9397,10
9398,3
9399,13
9400,8
9401,7
9402,11
9403,13
9404,1
9405,5
9406,13
9407,0
9408,5
9409,14
9410,6
9411,13
9412,7
9413,1
9414,0
9415,3
9416,14
9417,11
9418,2
9419,7
9420,10
9421,9
9422,8
9423,17
9424,13
9425,12
9426,12
9427,19
9428,9
9429,11
9430,17
9431,2
9432,9
9433,3
9434,7
9435,12
9436,9
9437,18
9438,13
9439,15
9440,13
9441,14
9442,13
9443,11
9444,15
9445,14
9446,18
9447,2
9448,5
9449,7
9450,6
9451,16
9452,6
9453,19
9454,0
9455,2
9456,14
9457,19
9458,12
9459,12
9460,11
9461,13
9462,8
9463,9
9464,9
9465,12
9466,13
9467,4
9468,12
9469,17
9470,12
9471,18
9472,13
9473,6
9474,19
9475,4
9476,19
9477,16
9478,0
9479,10
9480,8
9481,8
9482,18
9483,0
9484,17
9485,0
9486,1
9487,19
9488,16
9489,3
9490,6
9491,2
9492,1
9493,1
9494,7
9495,2
9496,11
9497,7
9498,4
9499,17
9500,1
9501,13
9502,0
9503,7
9504,14
9505,10
9506,2
9507,19
9508,17
9509,8
9510,14
9511,9
9512,17
9513,0
9514,18
9515,0
9516,10
9517,6
9518,11
9519,9
9520,10
9521,9
9522,18
9523,14
9524,17
9525,11
9526,10
9527,7
9528,4
9529,19
9530,0
9531,14
9532,0
9533,16
9534,5
9535,12
9536,6
9537,8
9538,6
9539,4
9540,8
9541,13
9542,16
9543,0
9544,15
9545,4
9546,9
9547,13
9548,6
9549,11
9550,7
9551,6
9552,17
9553,7
9554,13
9555,5
9556,8
9557,8
9558,4
9559,12
9560,2
9561,4
9562,4
9563,11
9564,0
9565,10
9566,10
9567,8
9568,2
9569,2
9570,8
9571,4
9572,15
9573,13
9574,0
9575,19
9576,9
9577,13
9578,18
9579,16
9580,3
9581,8
9582,7
9583,5
9584,17
9585,19
9586,14
9587,7
9588,15
9589,1
9590,10
9591,8
9592,18
9593,14
9594,7
9595,12
9596,6
9597,3
9598,14
9599,11
9600,8
9601,7
9602,6
9603,8
9604,2
9605,15
9606,12
9607,5
9608,5
9609,18
9610,12
9611,15
9612,12
9613,15
9614,14
9615,3
9616,6
9617,3
9618,15
9619,3
9620,0
9621,5
9622,1
9623,3
9624,4
9625,10
9626,8
9627,15
9628,10
9629,10
9630,1
9631,14
9632,19
9633,18
9634,15
9635,2
9636,4
9637,15
9638,2
9639,5
9640,6
9641,7
9642,15
9643,2
9644,11
9645,2
9646,1
9647,12
9648,12
9649,8
9650,3
9651,17
9652,16
9653,13
9654,8
9655,9
9656,2
9657,6
9658,2
9659,4
9660,17
9661,12
9662,17
9663,5
9664,9
9665,6
9666,6
9667,17
9668,8
9669,5
9670,6
9671,10
9672,1
9673,3
9674,14
9675,16
9676,14
9677,13
9678,8
9679,10
9680,2
9681,0
9682,10
9683,9
9684,0
9685,8
9686,12
9687,16
9688,5
9689,2
9690,12
9691,9
9692,10
9693,0
9694,3
9695,13
9696,2
9697,5
9698,17
9699,13
9700,0
9701,17
9702,14
9703,3
9704,2
9705,12
9706,10
9707,1
9708,11
9709,6
9710,9
9711,12
9712,7
9713,8
9714,18
9715,3
9716,13
9717,15
9718,15
9719,18
9720,6
9721,12
9722,13
9723,10
9724,0
9725,10
9726,13
9727,2
9728,2
9729,4
9730,18
9731,11
9732,16
9733,1
9734,9
9735,11
9736,18
9737,6
9738,14
9739,5
9740,1
9741,1
9742,17
9743,0
9744,0
9745,11
9746,2
9747,4
9748,4
9749,6
9750,11
9751,16
9752,0
9753,7
9754,10
9755,15
9756,3
9757,5
9758,1
9759,16
9760,17
9761,7
9762,6
9763,13
9764,12
9765,6
9766,0
9767,7
9768,13
9769,2
9770,16
9771,1
9772,3
9773,4
9774,0
9775,12
9776,10
9777,18
9778,14
9779,3
9780,9
9781,17
9782,11
9783,9
9784,12
9785,4
9786,9
9787,10
9788,6
9789,7
9790,11
9791,19
9792,0
9793,6
9794,8
9795,16
9796,18
9797,8
9798,9
9799,12
9800,15
9801,15
9802,10
9803,1
9804,18
9805,14
9806,5
9807,2
9808,1
9809,8
9810,12
9811,6
9812,12
9813,8
9814,15
9815,19
9816,7
9817,8
9818,18
9819,14
9820,14
9821,2
9822,18
9823,17
9824,8
9825,11
9826,6
9827,17
9828,0
9829,3
9830,12
9831,0
9832,12
9833,7
9834,4
9835,16
9836,17
9837,1
9838,12
9839,18
9840,13
9841,7
9842,3
9843,8
9844,11
9845,18
9846,16
9847,17
9848,16
9849,1
9850,3
9851,12
9852,8
9853,15
9854,17
9855,13
9856,19
9857,12
9858,18
9859,10
9860,8
9861,9
9862,3
9863,8
9864,15
9865,17
9866,19
9867,8
9868,9
9869,16
9870,7
9871,9
9872,11
9873,13
9874,9
9875,15
9876,2
9877,8
9878,5
9879,15
9880,17
9881,14
9882,9
9883,4
9884,4
9885,6
9886,1
9887,16
9888,18
9889,9
9890,4
9891,11
9892,9
9893,6
9894,6
9895,8
9896,8
9897,18
9898,13
9899,6
9900,17
9901,13
9902,0
9903,0
9904,15
9905,3
9906,5
9907,13
9908,1
9909,13
9910,9
9911,10
9912,11
9913,3
9914,13
9915,6
9916,18
9917,3
9918,9
9919,4
9920,11
9921,6
9922,5
9923,19
9924,7
9925,1
9926,9
9927,13
9928,12
9929,7
9930,17
9931,15
9932,8
9933,12
9934,13
9935,7
9936,17
9937,6
9938,14
9939,4
9940,16
9941,6
9942,2
9943,9
9944,7
9945,18
9946,14
9947,4
9948,1
9949,2
9950,3
9951,7
9952,7
9953,13
9954,4
9955,12
9956,10
9957,9
9958,5
9959,6
9960,4
9961,17
9962,4
9963,0
9964,1
9965,7
9966,7
9967,12
9968,3
9969,15
9970,9
9971,1
9972,3
9973,17
9974,19
9975,14
9976,0
9977,17
9978,7
9979,10
9980,1
9981,10
9982,18
9983,11
9984,4
9985,12
9986,0
9987,16
9988,8
9989,12
9990,13
9991,13
9992,9
9993,5
9994,17
9995,15
9996,8
9997,16
9998,2
9999,4
10000,3
10001,13
10002,17
10003,18
10004,12
10005,4
10006,15
10007,19
10008,17
10009,8
10010,4
10011,2
10012,9
10013,13
10014,14
10015,0
10016,19
10017,4
10018,4
10019,17
10020,8
10021,9
10022,9
10023,9
10024,8
10025,2
10026,3
10027,18
10028,2
10029,5
10030,15
10031,2
10032,2
10033,2
10034,19
10035,12
10036,1
10037,16
10038,0
10039,7
10040,6
10041,11
10042,11
10043,11
10044,8
10045,4
10046,9
10047,6
10048,1
10049,15
10050,9
10051,15
10052,12
10053,3
10054,4
10055,2
10056,0
10057,3
10058,1
10059,19
10060,10
10061,8
10062,8
10063,17
10064,3
10065,3
10066,13
10067,5
10068,11
10069,16
10070,13
10071,18
10072,16
10073,4
10074,11
10075,1
10076,11
10077,0
10078,5
10079,10
10080,10
10081,2
10082,14
10083,5
10084,5
10085,17
10086,7
10087,11
10088,15
10089,16
10090,19
10091,11
10092,12
10093,6
10094,3
10095,16
10096,18
10097,18
10098,19
10099,12
10100,16
10101,1
10102,13
10103,11
10104,14
10105,13
10106,19
10107,2
10108,16
10109,11
10110,13
10111,12
10112,6
10113,1
10114,6
10115,11
10116,14
10117,11
10118,4
10119,1
10120,11
10121,17
10122,14
10123,7
10124,7
10125,15
10126,9
10127,16
10128,9
10129,4
10130,5
10131,13
10132,17
10133,6
10134,3
10135,4
10136,18
10137,4
10138,4
10139,19
10140,16
10141,4
10142,18
10143,9
10144,2
10145,18
10146,19
10147,10
10148,7
10149,17
10150,18
10151,18
10152,1
10153,17
10154,15
10155,1
10156,16
10157,7
10158,18
10159,10
10160,11
10161,15
10162,5
10163,5
10164,4
10165,2
10166,17
10167,9
10168,2
10169,3
10170,6
10171,4
10172,3
10173,6
10174,2
10175,12
10176,15
10177,5
10178,5
10179,18
10180,17
10181,17
10182,9
10183,0
10184,18
10185,18
10186,12
10187,8
10188,3
10189,10
10190,16
10191,14
10192,4
10193,9
10194,16
10195,10
10196,15
10197,2
10198,3
10199,8
10200,12
10201,15
10202,0
10203,2
10204,4
10205,5
10206,8
10207,1
10208,8
10209,14
10210,5
10211,3
10212,13
10213,0
10214,6
10215,4
10216,2
10217,1
10218,17
10219,17
10220,10
10221,4
10222,0
10223,3
10224,9
10225,3
10226,7
10227,18
10228,6
10229,15
10230,10
10231,6
10232,13
10233,13
10234,5
10235,16
10236,17
10237,17
10238,1
10239,12
10240,4
10241,1
10242,1
10243,10
10244,6
10245,4
10246,8
10247,6
10248,13
10249,13
10250,7
10251,19
10252,15
10253,5
10254,9
10255,15
10256,9
10257,11
10258,2
10259,9
10260,9
10261,17
10262,16
10263,7
10264,6
10265,3
10266,6
10267,9
10268,11
10269,15
10270,4
10271,3
10272,8
10273,2
10274,16
10275,19
10276,4
10277,5
10278,8
10279,7
10280,13
10281,4
10282,14
10283,18
10284,19
10285,10
10286,19
10287,2
10288,7
10289,14
10290,7
10291,18
10292,3
10293,9
10294,14
10295,5
10296,14
10297,12
10298,3
10299,0
10300,0
10301,2
10302,9
10303,3
10304,15
10305,1
10306,5
10307,9
10308,13
10309,8
10310,6
10311,16
10312,17
10313,8
10314,2
10315,1
10316,17
10317,14
10318,14
10319,4
10320,13
10321,16
10322,9
10323,0
10324,3
10325,2
10326,5
10327,12
10328,9
10329,4
10330,18
10331,13
10332,2
10333,6
10334,2
10335,11
10336,9
10337,9
10338,13
10339,8
10340,14
10341,19
10342,9
10343,14
10344,5
10345,4
10346,1
10347,6
10348,16
10349,18
10350,14
10351,9
10352,10
10353,10
10354,10
10355,6
10356,15
10357,3
10358,14
10359,10
10360,3
10361,1
10362,15
10363,14
10364,11
10365,0
10366,0
10367,2
10368,17
10369,5
10370,4
10371,10
10372,12
10373,14
10374,6
10375,17
10376,1
10377,7
10378,15
10379,11
10380,18
10381,6
10382,18
10383,12
10384,2
10385,8
10386,8
10387,16
10388,17
10389,1
10390,15
10391,5
10392,2
10393,12
10394,6
10395,5
10396,7
10397,15
10398,0
10399,7
10400,6
10401,15
10402,1
10403,9
10404,10
10405,15
10406,4
10407,8
10408,0
10409,1
10410,8
10411,16
10412,10
10413,14
10414,9
10415,9
10416,3
10417,10
10418,2
10419,14
10420,8
10421,2
10422,4
10423,10
10424,14
10425,9
10426,6
10427,3
10428,10
10429,8
10430,18
10431,7
10432,4
10433,17
10434,6
10435,14
10436,15
10437,19
10438,5
10439,1
10440,17
10441,6
10442,11
10443,10
10444,15
10445,2
10446,10
10447,17
10448,12
10449,10
10450,7
10451,12
10452,15
10453,18
10454,8
10455,1
10456,13
10457,3
10458,4
10459,12
10460,10
10461,11
10462,18
10463,11
10464,13
10465,18
10466,15
10467,0
10468,6
10469,0
10470,5
10471,6
10472,18
10473,3
10474,14
10475,15
10476,14
10477,16
10478,3
10479,7
10480,10
10481,1
10482,13
10483,11
10484,16
10485,18
10486,12
10487,9
10488,17
10489,0
10490,8
10491,8
10492,8
10493,9
10494,14
10495,16
10496,13
10497,19
10498,5
10499,5
10500,13
10501,8
10502,19
10503,2
10504,10
10505,19
10506,6
10507,18
10508,18
10509,7
10510,6
10511,1
10512,13
10513,4
10514,6
10515,2
10516,9
10517,2
10518,8
10519,13
10520,12
10521,7
10522,15
10523,1
10524,11
10525,15
10526,11
10527,10
10528,11
10529,17
10530,5
10531,9
10532,17
10533,17
10534,0
10535,17
10536,10
10537,14
10538,6
10539,11
10540,14
10541,6
10542,13
10543,18
10544,8
10545,7
10546,5
10547,17
10548,8
10549,2
10550,2
10551,16
10552,3
10553,6
10554,4
10555,8
10556,3
10557,12
10558,11
10559,15
10560,10
10561,1
10562,8
10563,9
10564,15
10565,10
10566,19
10567,4
10568,17
10569,11
10570,1
10571,3
10572,7
10573,4
10574,3
10575,2
10576,5
10577,10
10578,4
10579,15
10580,9
10581,19
10582,1
10583,13
10584,16
10585,5
10586,7
10587,17
10588,11
10589,19
10590,13
10591,6
10592,5
10593,6
10594,17
10595,9
10596,1
10597,18
10598,11
10599,10
10600,3
10601,1
10602,7
10603,3
10604,9
10605,17
10606,7
10607,10
10608,7
10609,16
10610,2
10611,8
10612,1
10613,9
10614,11
10615,8
10616,17
10617,17
10618,8
10619,17
10620,2
10621,11
10622,19
10623,8
10624,1
10625,1
10626,15
10627,8
10628,14
10629,5
10630,18
10631,6
10632,8
10633,4
10634,15
10635,18
10636,10
10637,12
10638,10
10639,14
10640,15
10641,19
10642,2
10643,10
10644,4
10645,18
10646,2
10647,5
10648,4
10649,3
10650,12
10651,17
10652,8
10653,2
10654,13
10655,9
10656,18
10657,4
10658,13
10659,9
10660,15
10661,17
10662,12
10663,15
10664,9
10665,17
10666,16
10667,3
10668,11
10669,9
10670,15
10671,16
10672,0
10673,12
10674,14
10675,9
10676,19
10677,3
10678,8
10679,9
10680,5
10681,4
10682,8
10683,10
10684,15
10685,8
10686,1
10687,6
10688,16
10689,19
10690,15
10691,7
10692,4
10693,10
10694,6
10695,4
10696,12
10697,5
10698,0
10699,13
10700,4
10701,17
10702,17
10703,15
10704,15
10705,11
10706,10
10707,12
10708,8
10709,10
10710,11
10711,7
10712,13
10713,2
10714,5
10715,10
10716,8
10717,8
10718,5
10719,4
10720,11
10721,19
10722,15
10723,1
10724,5
10725,17
10726,7
10727,6
10728,12
10729,16
10730,5
10731,8
10732,12
10733,5
10734,19
10735,1
10736,12
10737,3
10738,2
10739,12
10740,11
10741,0
10742,19
10743,10
10744,9
10745,4
10746,19
10747,19
10748,9
10749,7
10750,4
10751,10
10752,9
10753,9
10754,13
10755,12
10756,18
10757,17
10758,12
10759,19
10760,14
10761,15
10762,12
10763,4
10764,7
10765,13
10766,4
10767,13
10768,15
10769,7
10770,14
10771,8
10772,1
10773,1
10774,14
10775,15
10776,7
10777,14
10778,12
10779,11
10780,0
10781,17
10782,0
10783,11
10784,10
10785,8
10786,8
10787,10
10788,3
10789,10
10790,13
10791,10
10792,9
10793,9
10794,19
10795,0
10796,6
10797,17
10798,10
10799,5
10800,5
10801,18
10802,13
10803,15
10804,5
10805,14
10806,13
10807,3
10808,7
10809,11
10810,6
10811,4
10812,11
10813,5
10814,12
10815,16
10816,16
10817,17
10818,6
10819,15
10820,11
10821,17
10822,13
10823,18
10824,9
10825,3
10826,17
10827,9
10828,9
10829,13
10830,15
10831,11
10832,0
10833,1
10834,5
10835,15
10836,12
10837,13
10838,11
10839,16
10840,15
10841,11
10842,6
10843,11
10844,12
10845,12
10846,11
10847,11
10848,3
10849,14
10850,9
10851,14
10852,8
10853,5
10854,13
10855,12
10856,3
10857,16
10858,18
10859,17
10860,7
10861,4
10862,6
10863,16
10864,11
10865,11
10866,13
10867,6
10868,3
10869,10
10870,3
10871,4
10872,15
10873,4
10874,2
10875,13
10876,7
10877,0
10878,4
10879,5
10880,2
10881,7
10882,4
10883,7
10884,15
10885,3
10886,16
10887,19
10888,10
10889,6
10890,1
10891,13
10892,0
10893,17
10894,15
10895,19
10896,0
10897,15
10898,17
10899,12
10900,19
10901,13
10902,17
10903,12
10904,0
10905,16
10906,18
10907,11
10908,10
10909,10
10910,9
10911,3
10912,15
10913,19
10914,7
10915,18
10916,17
10917,1
10918,7
10919,2
10920,7
10921,9
10922,0
10923,4
10924,8
10925,13
10926,3
10927,1
10928,10
10929,16
10930,5
10931,14
10932,3
10933,3
10934,13
10935,1
10936,2
10937,12
10938,13
10939,17
10940,3
10941,4
10942,8
10943,15
10944,9
10945,8
10946,5
10947,8
10948,1
10949,8
10950,2
10951,1
10952,13
10953,6
10954,3
10955,10
10956,6
10957,8
10958,3
10959,11
10960,9
10961,16
10962,10
10963,15
10964,14
10965,9
10966,16
10967,8
10968,1
10969,19
10970,1
10971,14
10972,8
10973,1
10974,18
10975,4
10976,5
10977,15
10978,5
10979,16
10980,14
10981,4
10982,6
10983,9
10984,2
10985,4
10986,19
10987,18
10988,10
10989,2
10990,0
10991,12
10992,8
10993,8
10994,3
10995,14
10996,3
10997,9
10998,1
10999,4
11000,7
11001,14
11002,14
11003,1
11004,19
11005,1
11006,7
11007,10
11008,17
11009,12
11010,3
11011,12
11012,19
11013,12
11014,19
11015,18
11016,19
11017,6
11018,5
11019,3
11020,7
11021,4
11022,14
11023,11
11024,13
11025,0
11026,15
11027,15
11028,14
11029,10
11030,15
11031,0
11032,19
11033,17
11034,1
11035,19
11036,7
11037,16
11038,4
11039,19
11040,13
11041,11
11042,10
11043,5
11044,10
11045,15
11046,7
11047,5
11048,13
11049,8
11050,5
11051,14
11052,15
11053,10
11054,13
11055,8
11056,17
11057,14
11058,5
11059,17
11060,14
11061,17
11062,14
11063,0
11064,6
11065,17
11066,19
11067,5
11068,4
11069,0
11070,12
11071,8
11072,19
11073,13
11074,17
11075,1
11076,12
11077,14
11078,3
11079,18
11080,7
11081,1
11082,9
11083,8
11084,11
11085,2
11086,16
11087,14
11088,17
11089,2
11090,12
11091,19
11092,8
11093,9
11094,2
11095,15
11096,13
11097,10
11098,14
11099,13
11100,5
11101,2
11102,1
11103,12
11104,14
11105,8
11106,4
11107,0
11108,10
11109,7
11110,16
11111,0
11112,18
11113,6
11114,12
11115,14
11116,5
11117,13
11118,9
11119,7
11120,17
11121,7
11122,3
11123,2
11124,18
11125,8
11126,7
11127,7
11128,1
11129,11
11130,8
11131,3
11132,6
11133,11
11134,18
11135,8
11136,4
11137,5
11138,8
11139,17
11140,12
11141,11
11142,14
11143,9
11144,13
11145,7
11146,14
11147,18
11148,12
11149,8
11150,4
11151,5
11152,5
11153,2
11154,5
11155,12
11156,7
11157,9
11158,2
11159,6
11160,10
11161,18
11162,3
11163,19
11164,11
11165,11
11166,4
11167,17
11168,9
11169,0
11170,15
11171,14
11172,19
11173,15
11174,16
11175,5
11176,0
11177,8
11178,7
11179,16
11180,2
11181,7
11182,13
11183,13
11184,2
11185,16
11186,10
11187,7
11188,11
11189,8
11190,6
11191,10
11192,2
11193,11
11194,15
11195,17
11196,14
11197,17
11198,7
11199,5
11200,10
11201,18
11202,11
11203,6
11204,6
11205,19
11206,2
11207,16
11208,1
11209,15
11210,17
11211,1
11212,7
11213,9
11214,19
11215,2
11216,17
11217,3
11218,18
11219,6
11220,6
11221,1
11222,19
11223,13
11224,2
11225,4
11226,13
11227,17
11228,17
11229,4
11230,2
11231,9
11232,18
11233,4
11234,9
11235,12
11236,12
11237,9
11238,15
11239,6
11240,4
11241,19
11242,19
11243,3
11244,11
11245,12
11246,17
11247,0
11248,10
11249,12
11250,0
11251,14
11252,13
11253,14
11254,3
11255,8
11256,12
11257,4
11258,0
11259,10
11260,7
11261,6
11262,9
11263,2
11264,4
11265,16
11266,14
11267,1
11268,8
11269,4
11270,6
11271,17
11272,9
11273,15
11274,5
11275,9
11276,5
11277,18
11278,12
11279,4
11280,14
11281,13
11282,3
11283,18
11284,5
11285,8
11286,7
11287,15
11288,1
11289,9
11290,16
11291,5
11292,2
11293,2
11294,12
11295,8
11296,13
11297,13
11298,16
11299,11
11300,0
11301,4
11302,10
11303,15
11304,15
11305,6
11306,5
11307,15
11308,7
11309,17
11310,13
11311,9
11312,4
11313,9
